signal,entry,exit,n,ret,syms,period
2016-01-04,2016-01-05,2016-02-02,5,-0.0607440179568739,DHI BDX TMO CMS AMZN,탐색 ~2022
2016-02-02,2016-02-03,2016-03-02,5,-0.0064416603657781995,RCL LHX GOOG GOOGL SYY,탐색 ~2022
2016-03-02,2016-03-03,2016-03-31,5,0.07040400827304283,DUK ROST CSX BF-B FCX,탐색 ~2022
2016-03-31,2016-04-01,2016-04-28,5,-0.011115946022003163,GIS FE IVZ MAS A,탐색 ~2022
2016-04-28,2016-04-29,2016-05-26,5,-0.0009181005260214797,ABT AME EFX CAH FE,탐색 ~2022
2016-05-26,2016-05-27,2016-06-24,5,-0.011576793964750863,DLTR HPQ NTAP CCL COST,탐색 ~2022
2016-06-24,2016-06-27,2016-07-25,5,0.07101216008194888,CCI BKNG SPGI PCAR NOC,탐색 ~2022
2016-07-25,2016-07-26,2016-08-22,5,0.037624108756299623,ROP DE PHM SLB TXN,탐색 ~2022
2016-08-22,2016-08-23,2016-09-20,5,-0.05693472690238954,AMAT ULTA BBY DE SJM,탐색 ~2022
2016-09-20,2016-09-21,2016-10-18,5,0.009199696962181704,LEN MAR EQIX APH PSKY,탐색 ~2022
2016-10-18,2016-10-19,2016-11-15,5,0.040927037637831676,NFLX IBM GWW UNH OMC,탐색 ~2022
2016-11-15,2016-11-16,2016-12-14,5,0.060720233537227,COO GPN EOG STT HD,탐색 ~2022
2016-12-14,2016-12-15,2017-01-13,5,0.014961834716442192,UHS PGR EXPE UPS ORCL,탐색 ~2022
2017-01-13,2017-01-17,2017-02-13,5,0.06188147284249501,CSX XYL WFC DOV JPM,탐색 ~2022
2017-02-13,2017-02-14,2017-03-14,5,0.0009642175817430338,VRSN EXPE YUM ADSK NVDA,탐색 ~2022
2017-03-14,2017-03-15,2017-04-11,5,0.002074213189389386,UAL EIX MSI DAL APTV,탐색 ~2022
2017-04-11,2017-04-12,2017-05-10,5,0.03058510017427163,UAL QCOM RCL WDC STX,탐색 ~2022
2017-05-10,2017-05-11,2017-06-08,5,0.09169869649791407,NVDA BKNG MCHP VTRS DIS,탐색 ~2022
2017-06-08,2017-06-09,2017-07-07,5,-0.012409272678026604,EMR SNA MRK SJM AIZ,탐색 ~2022
2017-07-07,2017-07-10,2017-08-04,5,0.05080296182954536,MTD VRSN DHI ORLY PHM,탐색 ~2022
2017-08-04,2017-08-07,2017-09-01,5,-0.014261360162005408,MSI KHC MCHP VTRS WFC,탐색 ~2022
2017-09-01,2017-09-05,2017-10-02,5,0.07131068303648047,COO HPE GM PGR F,탐색 ~2022
2017-10-02,2017-10-03,2017-10-30,5,0.01624095477730081,MGM PAYX GM DOV CFG,탐색 ~2022
2017-10-30,2017-10-31,2017-11-28,5,0.037625531608298735,LEN LYB MRK L AMT,탐색 ~2022
2017-11-28,2017-11-29,2017-12-27,5,-0.027065579241300597,BSX IQV ADSK TFC PNR,탐색 ~2022
2017-12-27,2017-12-28,2018-01-26,5,0.05522032397068277,CBRE UNP LEN MLM HD,탐색 ~2022
2018-01-26,2018-01-29,2018-02-26,5,-0.011606112395197153,WYNN SBUX ABBV CL AJG,탐색 ~2022
2018-02-26,2018-02-27,2018-03-26,5,-0.07375054341546106,ALB CFG GIS HPE A,탐색 ~2022
2018-03-26,2018-03-27,2018-04-24,5,-0.016618250067139573,ADP PAYX META RTX MKC,탐색 ~2022
2018-04-24,2018-04-25,2018-05-22,5,0.0430382237974527,CAT WAT FCX MMM CDNS,탐색 ~2022
2018-05-22,2018-05-23,2018-06-20,5,0.07882903636643168,AZO MU TJX FITB NTAP,탐색 ~2022
2018-06-20,2018-06-21,2018-07-19,5,0.03210109123140592,SBUX ORCL FDX EQIX AIZ,탐색 ~2022
2018-07-19,2018-07-20,2018-08-16,5,0.012506024245225735,EBAY SNA BNY IBM ABBV,탐색 ~2022
2018-08-16,2018-08-17,2018-09-14,5,0.04294270031521985,WMT GEN CSCO NTAP NVDA,탐색 ~2022
2018-09-14,2018-09-17,2018-10-12,5,-0.073304549075767,NI FTV KEY NCLH ADBE,탐색 ~2022
2018-10-12,2018-10-15,2018-11-09,5,0.031065629646884085,PNC BLK TDG JPM HII,탐색 ~2022
2018-11-09,2018-11-12,2018-12-11,5,0.0014818964711260669,SWKS EIX MTD XEL DIS,탐색 ~2022
2018-12-11,2018-12-12,2019-01-10,5,-0.03645769739937499,WELL RJF FDX DOC AVGO,탐색 ~2022
2019-01-10,2019-01-11,2019-02-08,5,0.07090733331388521,TGT STZ MGM EL HSIC,탐색 ~2022
2019-02-08,2019-02-11,2019-03-11,5,0.0036282379066427967,HAS MSI EXPE LLY MTD,탐색 ~2022
2019-03-11,2019-03-12,2019-04-08,5,0.01331657381975271,BA NEM LLY AWK HBAN,탐색 ~2022
2019-04-08,2019-04-09,2019-05-07,5,-0.008240406069536575,GEN GE DLTR WYNN FISV,탐색 ~2022
2019-05-07,2019-05-08,2019-06-05,5,-0.019508023373623895,VTRS O AIG KLAC HSIC,탐색 ~2022
2019-06-05,2019-06-06,2019-07-03,5,0.05141884458410728,NCLH VTR BF-B DLR IFF,탐색 ~2022
2019-07-03,2019-07-05,2019-08-01,5,-0.02731740930750637,GEN NDAQ AVGO MCK AXP,탐색 ~2022
2019-08-01,2019-08-02,2019-08-29,5,-0.029647204961375517,CRM HII PRU FANG PWR,탐색 ~2022
2019-08-29,2019-08-30,2019-09-27,5,0.04865072221147382,DG BBY ULTA DLTR WYNN,탐색 ~2022
2019-09-27,2019-09-30,2019-10-25,5,0.03162331123148321,BNY MU WFC BKR EMR,탐색 ~2022
2019-10-25,2019-10-28,2019-11-22,5,0.01674680707559273,EIX ALB INTC RMD VTR,탐색 ~2022
2019-11-22,2019-11-25,2019-12-23,5,0.013879557742721095,SJM INTU TDG ROST SCHW,탐색 ~2022
2019-12-23,2019-12-24,2020-01-23,5,0.02211796164192492,APA LUV ARE MMM BA,탐색 ~2022
2020-01-23,2020-01-24,2020-02-21,5,0.003008498954802487,MTB CNC RJF EW TRV,탐색 ~2022
2020-02-21,2020-02-24,2020-03-20,5,-0.34376662258081125,WRB DE GPC CBOE SBAC,탐색 ~2022
2020-03-20,2020-03-23,2020-04-20,5,0.10404402908397548,VTRS ZBRA ROL ARE MAR,탐색 ~2022
2020-04-20,2020-04-21,2020-05-18,5,0.03494978414709382,NFLX GILD EFX ABT CFG,탐색 ~2022
2020-05-18,2020-05-19,2020-06-16,5,0.07369255016791754,EXPE BLK BKNG MAR HST,탐색 ~2022
2020-06-16,2020-06-17,2020-07-15,5,0.014390938079086315,LLY VMC LEN NUE ORCL,탐색 ~2022
2020-07-15,2020-07-16,2020-08-12,5,0.011058046913120958,GS ALGN WAT BNY BALL,탐색 ~2022
2020-08-12,2020-08-13,2020-09-10,5,0.010738339649457808,EMR TFC NWSA FDX WTW,탐색 ~2022
2020-09-10,2020-09-11,2020-10-08,5,0.08125297777135487,ED CFG VMRK HWM CARR,탐색 ~2022
2020-10-08,2020-10-09,2020-11-05,5,-0.049183625632668204,IBM DPZ DTE BEN PPG,탐색 ~2022
2020-11-05,2020-11-06,2020-12-04,5,0.12256532973438117,QCOM ALB PH TYL SWKS,탐색 ~2022
2020-12-04,2020-12-07,2021-01-05,5,0.011860355216773978,OXY SPGI CAT EMR ULTA,탐색 ~2022
2021-01-05,2021-01-06,2021-02-03,5,0.03601531883861164,TDY IFF DD ALB MU,탐색 ~2022
2021-02-03,2021-02-04,2021-03-04,5,-0.06472854746671242,GOOG CMG GOOGL RVTY STE,탐색 ~2022
2021-03-04,2021-03-05,2021-04-01,5,0.040382525865651386,TYL STX AWK AES GE,탐색 ~2022
2021-04-01,2021-04-05,2021-04-30,5,-9.362138753709996e-05,TRMB TDY MU AMAT AVY,탐색 ~2022
2021-04-30,2021-05-03,2021-05-28,5,-0.02128923457231202,DXCM SWKS FISV CLX CINF,탐색 ~2022
2021-05-28,2021-06-01,2021-06-28,5,0.014924273644231658,ULTA HPQ CRM DLTR COST,탐색 ~2022
2021-06-28,2021-06-29,2021-07-27,5,-0.01927153178720542,PSKY RCL NRG VTR EXPE,탐색 ~2022
2021-07-27,2021-07-28,2021-08-24,5,0.01723997459124149,UPS FFIV WTW AON BSX,탐색 ~2022
2021-08-24,2021-08-25,2021-09-22,5,-0.07218153190629217,BBY STX MDT BF-B LVS,탐색 ~2022
2021-09-22,2021-09-23,2021-10-20,5,0.05916406031667809,FDX INCY META ADBE APA,탐색 ~2022
2021-10-20,2021-10-21,2021-11-17,5,0.00967063602195939,PYPL OMC ULTA NDAQ EL,탐색 ~2022
2021-11-17,2021-11-18,2021-12-16,5,0.008815883378066049,TGT NVR TJX V LOW,탐색 ~2022
2021-12-16,2021-12-17,2022-01-14,5,-0.02066785550327277,SWKS ADBE ACN AIZ FDX,탐색 ~2022
2022-01-14,2022-01-18,2022-02-14,5,0.0005457134689190752,LVS WYNN VMC JPM COO,탐색 ~2022
2022-02-14,2022-02-15,2022-03-15,5,-0.00513046177164189,ES ANET EXPE NWS NOC,탐색 ~2022
2022-03-15,2022-03-16,2022-04-12,5,0.039384654591342994,SNPS TSN ALGN ORCL J,탐색 ~2022
2022-04-12,2022-04-13,2022-05-11,5,-0.1447588738078145,WBD PHM T ROST GNRC,탐색 ~2022
2022-05-11,2022-05-12,2022-06-09,5,0.09879062885376855,IFF CPAY FTNT WYNN TRMB,탐색 ~2022
2022-06-09,2022-06-10,2022-07-11,5,-0.05876503736252858,NXPI MO LH PPL APD,탐색 ~2022
2022-07-11,2022-07-12,2022-08-08,5,0.05264303725182451,WYNN LVS MRNA TSN CINF,탐색 ~2022
2022-08-08,2022-08-09,2022-09-06,5,-0.039076585652254914,TSN VTRS STZ TTWO HWM,탐색 ~2022
2022-09-06,2022-09-07,2022-10-04,5,-0.02034408848546221,ECL FOX ROL EIX AME,탐색 ~2022
2022-10-04,2022-10-05,2022-11-01,5,0.10575917654226363,HAS WDC CMI SYF HAL,탐색 ~2022
2022-11-01,2022-11-02,2022-11-30,5,0.10057265091186873,ZBRA IT INCY SYK BEN,탐색 ~2022
2022-11-30,2022-12-01,2022-12-29,5,-0.05154968096408563,NTAP VRSN VRTX GIS CLX,탐색 ~2022
2022-12-29,2022-12-30,2023-01-30,5,0.06517951631276175,CBOE ARE CTSH VMRK LUV,탐색 ~2022
2023-01-30,2023-01-31,2023-02-28,5,-0.0084652440250198,JNJ AXP CINF BEN NXPI,검증 2023~
2023-02-28,2023-03-01,2023-03-28,5,-0.0360507290380353,UHS COO TGT NCLH EXC,검증 2023~
2023-03-28,2023-03-29,2023-04-26,5,-0.019172360922953047,MKC HUM ON CCL PSKY,검증 2023~
2023-04-26,2023-04-27,2023-05-24,5,-0.015493786278313658,CMG ODFL ALLE AVY MAS,검증 2023~
2023-05-24,2023-05-25,2023-06-23,5,0.053485480593510326,INTU A ADI GLW TDY,검증 2023~
2023-06-23,2023-06-26,2023-07-24,5,0.030792196516821635,MSI AON CRL CHD BRO,검증 2023~
2023-07-24,2023-07-25,2023-08-21,5,-0.05694464943718325,BDX DPZ EL TMO FFIV,검증 2023~
2023-08-21,2023-08-22,2023-09-19,5,0.0004526982332218061,PANW JNJ REG REGN KEYS,검증 2023~
2023-09-19,2023-09-20,2023-10-17,5,-0.03471333224018969,CBOE FIS AZO CLX CRL,검증 2023~
2023-10-17,2023-10-18,2023-11-14,5,0.0749545321033005,BNY USB CL STX GS,검증 2023~
2023-11-14,2023-11-15,2023-12-13,5,0.1296267693723332,FRT HD V TRMB BXP,검증 2023~
2023-12-13,2023-12-14,2024-01-12,5,0.05569073320079121,VRTX PFE RVTY LUV ORCL,검증 2023~
2024-01-12,2024-01-16,2024-02-12,5,0.03221078904710062,DAL UAL IFF BNY UNH,검증 2023~
2024-02-12,2024-02-13,2024-03-12,5,0.07289324187313762,ANET FANG TRMB CDNS GNRC,검증 2023~
2024-03-12,2024-03-13,2024-04-10,5,0.019787996370464134,ORCL LUV MMM CMI BA,검증 2023~
2024-04-10,2024-04-11,2024-05-08,5,0.0387186200532017,DAL STZ REG SO UDR,검증 2023~
2024-05-08,2024-05-09,2024-06-06,5,0.011939684902910532,UBER DLR ANET CHTR WYNN,검증 2023~
2024-06-06,2024-06-07,2024-07-08,5,-0.048572999471253375,LULU MNST PYPL INCY MCHP,검증 2023~
2024-07-08,2024-07-09,2024-08-05,5,-0.1859456090189493,SW GLW PSKY INTC TSLA,검증 2023~
2024-08-05,2024-08-06,2024-09-03,5,0.04510828942419698,TSN CB APA O CBOE,검증 2023~
2024-09-03,2024-09-04,2024-10-01,5,0.008517846136982367,BA FDS CME CPAY DLTR,검증 2023~
2024-10-01,2024-10-02,2024-10-29,5,7.171511012393945e-05,HUM PAYX LMT EVRG MKC,검증 2023~
2024-10-29,2024-10-30,2024-11-26,5,-0.0006712763366925039,BA FFIV KDP SWK DHI,검증 2023~
2024-11-26,2024-11-27,2024-12-26,5,-0.037952225476596824,AMGN SJM TPR BBY WDC,검증 2023~
2024-12-26,2024-12-27,2025-01-28,5,0.008887880371056147,SRE O NDSN MKC MLM,검증 2023~
2025-01-28,2025-01-29,2025-02-26,5,-0.05015591159345911,RCL IVZ GM SYY LMT,검증 2023~
2025-02-26,2025-02-27,2025-03-26,5,-0.06576865466581239,SRE AXON FSLR WDAY INTU,검증 2023~
2025-03-26,2025-03-27,2025-04-24,5,0.004544665299939911,DLTR JBHT CTAS PAYX NWS,검증 2023~
2025-04-24,2025-04-25,2025-05-22,5,0.035390180914515845,FISV NOW HAS IBM EW,검증 2023~
2025-05-22,2025-05-23,2025-06-23,5,0.024415042828991984,WSM WDAY DECK NEE LHX,검증 2023~
2025-06-23,2025-06-24,2025-07-22,5,0.08415097323504872,NTRS BNY OMC OXY NCLH,검증 2023~
2025-07-22,2025-07-23,2025-08-19,5,0.041083294717098706,LMT IQV MSCI PM NOC,검증 2023~
2025-08-19,2025-08-20,2025-09-17,5,0.032853685962017876,MDT INTC HD PANW CB,검증 2023~
2025-09-17,2025-09-18,2025-10-15,5,-0.02729809081409096,WDAY VLTO UBER GIS TKO,검증 2023~
2025-10-15,2025-10-16,2025-11-12,5,-0.0373277446894007,PNC PGR BG FFIV TDG,검증 2023~
2025-11-12,2025-11-13,2025-12-11,5,-0.03048276645400394,CSCO ROL PSKY AMD DIS,검증 2023~
2025-12-11,2025-12-12,2026-01-12,5,0.030510820125783322,NDSN ORCL LUV LULU ADBE,검증 2023~
2026-01-12,2026-01-13,2026-02-10,5,-0.004550423080568742,COF AKAM SYF AXP WMT,검증 2023~
2026-02-10,2026-02-11,2026-03-11,5,-0.04402739255845578,WAT SCHW SPGI HAS PANW,검증 2023~
2026-03-11,2026-03-12,2026-04-09,5,-0.0710935192305503,FANG ORCL FICO CTAS TKO,검증 2023~
2026-04-09,2026-04-10,2026-05-07,5,0.00738925365680654,TPL BF-B STZ NOW INTU,검증 2023~
2026-05-07,2026-05-08,2026-06-05,5,0.11252208209139924,DDOG ZTS FTNT VTRS APP,검증 2023~
2026-06-05,2026-06-08,2026-07-07,5,0.00425414365657706,LULU COO WBD NXPI GILD,검증 2023~
2026-07-07,2026-07-08,2026-08-04,5,-0.020324223749857206,D ERIE AXON ESS CVNA,검증 2023~
2026-08-04,2026-08-05,2026-09-01,5,-0.04672092722137333,PLTR APTV NRG ZBRA DVA,검증 2023~
2026-09-01,2026-09-02,2026-09-23,5,-0.027015050100957172,EIX PCG MDT DELL AON,검증 2023~
