entry,stop,weight,reentry,period,n,mean,med,win,re,cagr,mdd,final
a,0.0,1.0,none,전체,134,0.005572266417770009,0.0031067984498472923,0.5074626865671642,0,0.008661549024229442,-0.8281367191089953,1.0960559607987534
a,0.0,1.0,none,탐색,89,-0.0017302532876045838,-0.007630331862468753,0.47191011235955055,0,-0.08899134123155272,-0.8026218313870844,0.5213620413605284
a,0.0,1.0,none,검증,45,0.020015027612844204,0.0178226010989444,0.5777777777777777,0,0.22598763459814264,-0.29243548775081607,2.10229336592768
a,0.0,0.5,none,전체,134,0.002786133208885008,0.0015533992249237016,0.5074626865671642,0,0.020339367873084324,-0.5399965321430104,1.2387925607543613
a,0.0,0.5,none,탐색,89,-0.0008651266438022825,-0.003815165931234432,0.47191011235955055,0,-0.02684333395585159,-0.5130938272223605,0.8268372131413413
a,0.0,0.5,none,검증,45,0.010007513806422093,0.008911300549472312,0.5777777777777777,0,0.1172377300853622,-0.15347446662131137,1.4982302937816552
a,0.0,0.33,none,전체,134,0.0018388479178640476,0.0010252434884495676,0.5074626865671642,0,0.016824857349154065,-0.3883013948323756,1.1941593339634777
a,0.0,0.33,none,탐색,89,-0.0005709835849095664,-0.002518009514614783,0.47191011235955055,0,-0.013782258871752218,-0.3667778936131554,0.9075727088214796
a,0.0,0.33,none,검증,45,0.006604959112238529,0.005881458362651415,0.5777777777777777,0,0.07815378469386136,-0.10386471241387596,1.3157726343646243
a,0.20149253731343283,1.0,none,전체,134,0.005139301110231396,-0.004799610509979679,0.48507462686567165,0,0.020405227184005392,-0.69147727908018,1.2396431902325284
a,0.2247191011235955,1.0,none,탐색,89,0.002626827037948127,-0.010840775472378605,0.449438202247191,0,-0.009962302562308345,-0.6304295142909069,0.9324249484323155
a,0.15555555555555556,1.0,none,검증,45,0.010108416497636084,0.014901073363311257,0.5555555555555556,0,0.08122281273034737,-0.5177959970450119,1.3294830777712896
a,0.20149253731343283,1.0,low5,전체,134,0.005036966876319153,-0.004799610509979679,0.48507462686567165,14,0.017486211766397197,-0.7029824099524716,1.2024453513163993
a,0.2247191011235955,1.0,low5,탐색,89,0.00206279887306633,-0.010840775472378605,0.449438202247191,9,-0.01960598152098325,-0.6533342230805599,0.870776988050198
a,0.15555555555555556,1.0,low5,검증,45,0.010919210260530292,0.014901073363311257,0.5555555555555556,5,0.09252904123464845,-0.49275204995375765,1.380887836745498
a,0.20149253731343283,1.0,entry,전체,134,0.00555989194311044,-0.004799610509979679,0.48507462686567165,3,0.026316455734157085,-0.6849370173163768,1.3181828248331553
a,0.2247191011235955,1.0,entry,탐색,89,0.002465194892843636,-0.010840775472378605,0.449438202247191,2,-0.012278101374236239,-0.639576593635983,0.9172899824237801
a,0.15555555555555556,1.0,entry,검증,45,0.011680514998082566,0.014901073363311257,0.5555555555555556,1,0.1045356736380576,-0.4858508091320176,1.4370404671269668
a,0.20149253731343283,1.0,wait20,전체,134,0.005139301110231396,-0.004799610509979679,0.48507462686567165,0,0.020405227184005392,-0.69147727908018,1.2396431902325284
a,0.2247191011235955,1.0,wait20,탐색,89,0.002626827037948127,-0.010840775472378605,0.449438202247191,0,-0.009962302562308345,-0.6304295142909069,0.9324249484323155
a,0.15555555555555556,1.0,wait20,검증,45,0.010108416497636084,0.014901073363311257,0.5555555555555556,0,0.08122281273034737,-0.5177959970450119,1.3294830777712896
a,0.20149253731343283,0.5,none,전체,134,0.0025696505551157,-0.0023998052549898397,0.48507462686567165,0,0.021250220929824648,-0.40298265332370586,1.2506040591783236
a,0.2247191011235955,0.5,none,탐색,89,0.0013134135189740688,-0.005420387736189358,0.449438202247191,0,0.006460983404758203,-0.3668715137904983,1.046032813899962
a,0.15555555555555556,0.5,none,검증,45,0.0050542082488180375,0.007450536681655517,0.5555555555555556,0,0.05019947267727498,-0.29663756812435826,1.195568669127745
a,0.20149253731343283,0.5,low5,전체,134,0.002518483438159579,-0.0023998052549898397,0.48507462686567165,14,0.02023375126847582,-0.4241766198087896,1.2374295356816774
a,0.2247191011235955,0.5,low5,탐색,89,0.0010313994365331693,-0.005420387736189358,0.449438202247191,9,0.0022630903686702286,-0.3817473115612854,1.0159222523434108
a,0.15555555555555556,0.5,low5,검증,45,0.005459605130265145,0.007450536681655517,0.5555555555555556,5,0.05557458221434497,-0.27911660821056117,1.2180356644687333
a,0.20149253731343283,0.5,entry,전체,134,0.002779945971555223,-0.0023998052549898397,0.48507462686567165,3,0.02407645040352513,-0.40957016064912233,1.2879056049696853
a,0.2247191011235955,0.5,entry,탐색,89,0.001232597446421824,-0.005420387736189358,0.449438202247191,2,0.005358930420666486,-0.37428646556168577,1.038054959329464
a,0.15555555555555556,0.5,entry,검증,45,0.005840257499041278,0.007450536681655517,0.5555555555555556,1,0.06092240757212619,-0.27252312010734236,1.240691153579781
a,0.20149253731343283,0.5,wait20,전체,134,0.0025696505551157,-0.0023998052549898397,0.48507462686567165,0,0.021250220929824648,-0.40298265332370586,1.2506040591783236
a,0.2247191011235955,0.5,wait20,탐색,89,0.0013134135189740688,-0.005420387736189358,0.449438202247191,0,0.006460983404758203,-0.3668715137904983,1.046032813899962
a,0.15555555555555556,0.5,wait20,검증,45,0.0050542082488180375,0.007450536681655517,0.5555555555555556,0,0.05019947267727498,-0.29663756812435826,1.195568669127745
a,0.20149253731343283,0.33,none,전체,134,0.0016959693663763085,-0.0015838714682933075,0.48507462686567165,0,0.016522047674512264,-0.2802349373155947,1.190382767296686
a,0.2247191011235955,0.33,none,탐색,89,0.0008668529225228325,-0.0035774559058849853,0.449438202247191,0,0.006909428105466464,-0.2554237496871459,1.0492941494740808
a,0.15555555555555556,0.33,none,검증,45,0.00333577744421985,0.004917354209892588,0.5555555555555556,0,0.03519902917471529,-0.2050249406542609,1.1344605017509364
a,0.20149253731343283,0.33,low5,전체,134,0.001662199069185268,-0.0015838714682933075,0.48507462686567165,14,0.015939880290769093,-0.29679802437443537,1.1831525048324227
a,0.2247191011235955,0.33,low5,탐색,89,0.0006807236281118401,-0.0035774559058849853,0.449438202247191,9,0.0042764442426672655,-0.2640256561646699,1.030269565608047
a,0.15555555555555556,0.33,low5,검증,45,0.0036033393859749366,0.004917354209892588,0.5555555555555556,5,0.03866932459190142,-0.19213700211073692,1.1483912019997857
a,0.20149253731343283,0.33,entry,전체,134,0.0018347643412263933,-0.0015838714682933075,0.48507462686567165,3,0.018351071626628856,-0.2856988481377527,1.2133596510984141
a,0.2247191011235955,0.33,entry,탐색,89,0.0008135143146383499,-0.0035774559058849853,0.449438202247191,2,0.006197202556488257,-0.2610760082405592,1.0441185153805776
a,0.15555555555555556,0.33,entry,검증,45,0.0038545699493671903,0.004917354209892588,0.5555555555555556,1,0.042052174060885905,-0.18689379194784517,1.162089967015045
a,0.20149253731343283,0.33,wait20,전체,134,0.0016959693663763085,-0.0015838714682933075,0.48507462686567165,0,0.016522047674512264,-0.2802349373155947,1.190382767296686
a,0.2247191011235955,0.33,wait20,탐색,89,0.0008668529225228325,-0.0035774559058849853,0.449438202247191,0,0.006909428105466464,-0.2554237496871459,1.0492941494740808
a,0.15555555555555556,0.33,wait20,검증,45,0.00333577744421985,0.004917354209892588,0.5555555555555556,0,0.03519902917471529,-0.2050249406542609,1.1344605017509364
a,0.07462686567164178,1.0,none,전체,134,0.006916095364823166,0.0031067984498472923,0.5074626865671642,0,0.038307545436730095,-0.7623199761228816,1.491508804366827
a,0.11235955056179775,1.0,none,탐색,89,0.0002930397338012931,-0.008449342154347672,0.47191011235955055,0,-0.04793113084994882,-0.7212558801318316,0.7094674932338314
a,0.0,1.0,none,검증,45,0.020015027612844204,0.0178226010989444,0.5777777777777777,0,0.22598763459814264,-0.29243548775081607,2.10229336592768
a,0.07462686567164178,1.0,low5,전체,134,0.005929942299466426,0.0031067984498472923,0.5074626865671642,7,0.02170462717100685,-0.7930737353394703,1.256534641389324
a,0.11235955056179775,1.0,low5,탐색,89,-0.0011917300499942485,-0.008449342154347672,0.47191011235955055,7,-0.07100294380513372,-0.7573229816308521,0.5976970967773817
a,0.0,1.0,low5,검증,45,0.020015027612844204,0.0178226010989444,0.5777777777777777,0,0.22598763459814264,-0.29243548775081607,2.10229336592768
a,0.07462686567164178,1.0,entry,전체,134,0.006759409337505145,0.0031067984498472923,0.5074626865671642,1,0.03586357425989051,-0.7682026916567593,1.45459311465409
a,0.11235955056179775,1.0,entry,탐색,89,5.7130434243822666e-05,-0.008449342154347672,0.47191011235955055,1,-0.0513395025840051,-0.7281549553556435,0.6919077699758696
a,0.0,1.0,entry,검증,45,0.020015027612844204,0.0178226010989444,0.5777777777777777,0,0.22598763459814264,-0.29243548775081607,2.10229336592768
a,0.07462686567164178,1.0,wait20,전체,134,0.006916095364823166,0.0031067984498472923,0.5074626865671642,0,0.038307545436730095,-0.7623199761228816,1.491508804366827
a,0.11235955056179775,1.0,wait20,탐색,89,0.0002930397338012931,-0.008449342154347672,0.47191011235955055,0,-0.04793113084994882,-0.7212558801318316,0.7094674932338314
a,0.0,1.0,wait20,검증,45,0.020015027612844204,0.0178226010989444,0.5777777777777777,0,0.22598763459814264,-0.29243548775081607,2.10229336592768
a,0.07462686567164178,0.5,none,전체,134,0.0034580476824115887,0.0015533992249237016,0.5074626865671642,0,0.03155052690174176,-0.47945661349407187,1.3914591226277033
a,0.11235955056179775,0.5,none,탐색,89,0.00014651986690065964,-0.004224671077173836,0.47191011235955055,0,-0.010523893754461389,-0.4398215561871397,0.9287351406542093
a,0.0,0.5,none,검증,45,0.010007513806422093,0.008911300549472312,0.5777777777777777,0,0.1172377300853622,-0.15347446662131137,1.4982302937816552
a,0.07462686567164178,0.5,low5,전체,134,0.0029649711497332187,0.0015533992249237016,0.5074626865671642,7,0.024330752981043036,-0.5065785790448052,1.2913109119770625
a,0.11235955056179775,0.5,low5,탐색,89,-0.0005958650249971112,-0.004224671077173836,0.47191011235955055,7,-0.021043975155645933,-0.46900863424673755,0.8618908036612235
a,0.0,0.5,low5,검증,45,0.010007513806422093,0.008911300549472312,0.5777777777777777,0,0.1172377300853622,-0.15347446662131137,1.4982302937816552
a,0.07462686567164178,0.5,entry,전체,134,0.0033797046687525775,0.0015533992249237016,0.5074626865671642,1,0.030442975569019426,-0.4853697695083037,1.3756527266714453
a,0.11235955056179775,0.5,entry,탐색,89,2.8565217121923185e-05,-0.004224671077173836,0.47191011235955055,1,-0.012140232561960063,-0.4461849499405578,0.9181850963640487
a,0.0,0.5,entry,검증,45,0.010007513806422093,0.008911300549472312,0.5777777777777777,0,0.1172377300853622,-0.15347446662131137,1.4982302937816552
a,0.07462686567164178,0.5,wait20,전체,134,0.0034580476824115887,0.0015533992249237016,0.5074626865671642,0,0.03155052690174176,-0.47945661349407187,1.3914591226277033
a,0.11235955056179775,0.5,wait20,탐색,89,0.00014651986690065964,-0.004224671077173836,0.47191011235955055,0,-0.010523893754461389,-0.4398215561871397,0.9287351406542093
a,0.0,0.5,wait20,검증,45,0.010007513806422093,0.008911300549472312,0.5777777777777777,0,0.1172377300853622,-0.15347446662131137,1.4982302937816552
a,0.07462686567164178,0.33,none,전체,134,0.0022823114703915902,0.0010252434884495676,0.5074626865671642,0,0.02355520727471827,-0.3407068632546256,1.2809511739932706
a,0.11235955056179775,0.33,none,탐색,89,9.670311215437391e-05,-0.002788282910934914,0.47191011235955055,0,-0.0038307628329425913,-0.3093888184276624,0.973535351426297
a,0.0,0.33,none,검증,45,0.006604959112238529,0.005881458362651415,0.5777777777777777,0,0.07815378469386136,-0.10386471241387596,1.3157726343646243
a,0.07462686567164178,0.33,low5,전체,134,0.0019568809588238626,0.0010252434884495676,0.5074626865671642,7,0.019021212556901368,-0.36253097479978225,1.2218782789785754
a,0.11235955056179775,0.33,low5,탐색,89,-0.0003932709164981594,-0.002788282910934914,0.47191011235955055,7,-0.010538494537239984,-0.3322496289244473,0.9286393766416992
a,0.0,0.33,low5,검증,45,0.006604959112238529,0.005881458362651415,0.5777777777777777,0,0.07815378469386136,-0.10386471241387596,1.3157726343646243
a,0.07462686567164178,0.33,entry,전체,134,0.0022306050813766425,0.0010252434884495676,0.5074626865671642,1,0.02285088831960258,-0.34551560790371016,1.2716081871481695
a,0.11235955056179775,0.33,entry,탐색,89,1.8853043300407904e-05,-0.002788282910934914,0.47191011235955055,1,-0.004873773321515618,-0.31442599026958074,0.9664345905493127
a,0.0,0.33,entry,검증,45,0.006604959112238529,0.005881458362651415,0.5777777777777777,0,0.07815378469386136,-0.10386471241387596,1.3157726343646243
a,0.07462686567164178,0.33,wait20,전체,134,0.0022823114703915902,0.0010252434884495676,0.5074626865671642,0,0.02355520727471827,-0.3407068632546256,1.2809511739932706
a,0.11235955056179775,0.33,wait20,탐색,89,9.670311215437391e-05,-0.002788282910934914,0.47191011235955055,0,-0.0038307628329425913,-0.3093888184276624,0.973535351426297
a,0.0,0.33,wait20,검증,45,0.006604959112238529,0.005881458362651415,0.5777777777777777,0,0.07815378469386136,-0.10386471241387596,1.3157726343646243
a,0.2835820895522388,1.0,none,전체,134,0.006754591961679614,-0.007261929818477675,0.47761194029850745,0,0.042823964383583046,-0.6256722050107761,1.561969573154819
a,0.25842696629213485,1.0,none,탐색,89,0.00452769205666789,-0.010484869926641549,0.4606741573033708,0,0.01449362719562508,-0.6155307450125442,1.1057854368709483
a,0.3333333333333333,1.0,none,검증,45,0.011158905107147248,0.007451539447858924,0.5111111111111111,0,0.09934025755666065,-0.46019530591386415,1.4125430857316597
a,0.2835820895522388,1.0,low5,전체,134,0.008187461393149752,-0.004799610509979679,0.48507462686567165,17,0.058561027355987116,-0.6072421355772555,1.8316885991954484
a,0.25842696629213485,1.0,low5,탐색,89,0.005557936300732624,-0.010484869926641549,0.4606741573033708,10,0.023783798989990057,-0.5576288205588134,1.1785180600057084
a,0.3333333333333333,1.0,low5,검증,45,0.013388077687041405,0.014901073363311257,0.5333333333333333,7,0.12853659981645804,-0.41914023327209715,1.5542304028727174
a,0.2835820895522388,1.0,entry,전체,134,0.005281106315766415,-0.007261929818477675,0.47761194029850745,9,0.023705198680733064,-0.6701874482780159,1.2829488660567485
a,0.25842696629213485,1.0,entry,탐색,89,0.003277866313934538,-0.010840775472378605,0.449438202247191,4,-0.002480359096755258,-0.6612520156305423,0.9827952050450804
a,0.3333333333333333,1.0,entry,검증,45,0.009243069874945014,0.014901073363311257,0.5333333333333333,5,0.07581829419336739,-0.4901521085825268,1.3054081455331277
a,0.2835820895522388,1.0,wait20,전체,134,0.006754591961679614,-0.007261929818477675,0.47761194029850745,0,0.042823964383583046,-0.6256722050107761,1.561969573154819
a,0.25842696629213485,1.0,wait20,탐색,89,0.00452769205666789,-0.010484869926641549,0.4606741573033708,0,0.01449362719562508,-0.6155307450125442,1.1057854368709483
a,0.3333333333333333,1.0,wait20,검증,45,0.011158905107147248,0.007451539447858924,0.5111111111111111,0,0.09934025755666065,-0.46019530591386415,1.4125430857316597
a,0.2835820895522388,0.5,none,전체,134,0.003377295980839809,-0.0036309649092388097,0.47761194029850745,0,0.03200710297451148,-0.3589536997184244,1.3980228958998193
a,0.25842696629213485,0.5,none,탐색,89,0.0022638460283339527,-0.0052424349633207745,0.4606741573033708,0,0.018800345180336686,-0.3589536997184244,1.1390093402054704
a,0.3333333333333333,0.5,none,검증,45,0.0055794525535736135,0.003725769723929462,0.5111111111111111,0,0.05779430055683843,-0.26223313964841977,1.2274024861355601
a,0.2835820895522388,0.5,low5,전체,134,0.0040937306965748805,-0.0023998052549898397,0.48507462686567165,17,0.04058081570037264,-0.33617677055086204,1.526605843926242
a,0.25842696629213485,0.5,low5,탐색,89,0.0027789681503663202,-0.0052424349633207745,0.4606741573033708,10,0.024498760746067383,-0.3089919093140173,1.1842814470715983
a,0.3333333333333333,0.5,low5,검증,45,0.006694038843520699,0.007450536681655517,0.5333333333333333,7,0.07210619347010838,-0.23408700822914164,1.2890566239141168
a,0.2835820895522388,0.5,entry,전체,134,0.002640553157883209,-0.0036309649092388097,0.47761194029850745,9,0.022564200174364668,-0.3971392304488237,1.267822901604425
a,0.25842696629213485,0.5,entry,탐색,89,0.001638933156967274,-0.005420387736189358,0.449438202247191,4,0.010484162728094715,-0.3971392304488237,1.075604612260837
a,0.3333333333333333,0.5,entry,검증,45,0.0046215349374725025,0.007450536681655517,0.5333333333333333,5,0.04611709798228869,-0.2802364322704026,1.1787072007245838
a,0.2835820895522388,0.5,wait20,전체,134,0.003377295980839809,-0.0036309649092388097,0.47761194029850745,0,0.03200710297451148,-0.3589536997184244,1.3980228958998193
a,0.25842696629213485,0.5,wait20,탐색,89,0.0022638460283339527,-0.0052424349633207745,0.4606741573033708,0,0.018800345180336686,-0.3589536997184244,1.1390093402054704
a,0.3333333333333333,0.5,wait20,검증,45,0.0055794525535736135,0.003725769723929462,0.5111111111111111,0,0.05779430055683843,-0.26223313964841977,1.2274024861355601
a,0.2835820895522388,0.33,none,전체,134,0.00222901534735422,-0.0023964368400976044,0.47761194029850745,0,0.023498625241519466,-0.24891031944776287,1.2801983066610678
a,0.25842696629213485,0.33,none,탐색,89,0.0014941383787003527,-0.003460007075791749,0.4606741573033708,0,0.015026082390225515,-0.24891031944776287,1.1098474932313274
a,0.3333333333333333,0.33,none,검증,45,0.0036824386853585357,0.002459008017793529,0.5111111111111111,0,0.03993192639244114,-0.18114175854705528,1.153490289853939
a,0.2835820895522388,0.33,low5,전체,134,0.002701862259739363,-0.0015838714682933075,0.48507462686567165,17,0.029278172145803527,-0.22729678153490462,1.3592049197518554
a,0.25842696629213485,0.33,low5,탐색,89,0.0018341189792417147,-0.003460007075791749,0.4606741573033708,10,0.018995705822551834,-0.2100546993778698,1.140536496332195
a,0.3333333333333333,0.33,low5,검증,45,0.004418065636723601,0.004917354209892588,0.5333333333333333,7,0.049272368624185825,-0.16051320701645588,1.1917241790357989
a,0.2835820895522388,0.33,entry,전체,134,0.0017427650842028605,-0.0023964368400976044,0.47761194029850745,9,0.01730012131621894,-0.27844594544138246,1.2001085997585657
a,0.25842696629213485,0.33,entry,탐색,89,0.0010816958835983455,-0.0035774559058849853,0.449438202247191,4,0.009603931077567296,-0.27844594544138246,1.069074112535538
a,0.3333333333333333,0.33,entry,검증,45,0.0030502130587317902,0.004917354209892588,0.5333333333333333,5,0.0322119654396833,-0.1937318793783478,1.1225681977391175
a,0.2835820895522388,0.33,wait20,전체,134,0.00222901534735422,-0.0023964368400976044,0.47761194029850745,0,0.023498625241519466,-0.24891031944776287,1.2801983066610678
a,0.25842696629213485,0.33,wait20,탐색,89,0.0014941383787003527,-0.003460007075791749,0.4606741573033708,0,0.015026082390225515,-0.24891031944776287,1.1098474932313274
a,0.3333333333333333,0.33,wait20,검증,45,0.0036824386853585357,0.002459008017793529,0.5111111111111111,0,0.03993192639244114,-0.18114175854705528,1.153490289853939
b,0.0,1.0,none,전체,121,0.014286982897099844,0.01943825276768041,0.6033057851239669,0,0.13272420566716048,-0.583557859112627,3.3095120190720633
b,0.0,1.0,none,탐색,80,0.02393622242563991,0.02500246055567268,0.65,0,0.2694025949449226,-0.583557859112627,4.508933961536295
b,0.0,1.0,none,검증,41,-0.004540801548831995,0.0035962109543163923,0.5121951219512195,0,-0.0897254953700165,-0.4428419072447555,0.7339899069944322
b,0.0,0.5,none,전체,121,0.007143491448549929,0.009719126383840315,0.6033057851239669,0,0.07899125659957185,-0.31538917782822906,2.075280968500687
b,0.0,0.5,none,탐색,80,0.01196811121281996,0.01250123027783634,0.65,0,0.14190289649786791,-0.31538917782822906,2.3112202621980873
b,0.0,0.5,none,검증,41,-0.002270400774415984,0.001798105477158085,0.5121951219512195,0,-0.03220245752829343,-0.24500312851071093,0.89791570385723
b,0.0,0.33,none,전체,121,0.004714704356042888,0.0064146234133346525,0.6033057851239669,0,0.054729888008755445,-0.21359518150583423,1.6681284585540759
b,0.0,0.33,none,탐색,80,0.007898953400461107,0.008250811983371964,0.65,0,0.09490635262184921,-0.21359518150583423,1.7725815416539692
b,0.0,0.33,none,검증,41,-0.0014984645111146128,0.0011867496149244872,0.5121951219512195,0,-0.01829278494376041,-0.16735823017682538,0.9410729037590972
b,0.2231404958677686,1.0,none,전체,121,0.01118309936548184,0.013330845995058738,0.5702479338842975,0,0.09826941834696568,-0.5172754745478851,2.459997044546926
b,0.175,1.0,none,탐색,80,0.020791515569803083,0.02032751376105202,0.625,0,0.23023171873229265,-0.3818801651179402,3.6994035250944486
b,0.3170731707317073,1.0,none,검증,41,-0.0075650298136815675,-0.022143805222094692,0.4634146341463415,0,-0.11664454503798583,-0.5165225511718241,0.6649712657350966
b,0.2231404958677686,1.0,low5,전체,121,0.01137893398415514,0.014294928639920323,0.5785123966942148,14,0.09603612375588932,-0.585348143447751,2.412376903983494
b,0.175,1.0,low5,탐색,80,0.020899499897881684,0.02500246055567268,0.6375,10,0.224540613271752,-0.47377917914617484,3.592676054559456
b,0.3170731707317073,1.0,low5,검증,41,-0.007197779993847882,-0.022143805222094692,0.4634146341463415,4,-0.11402885514485939,-0.5226144829417634,0.6714707553223316
b,0.2231404958677686,1.0,entry,전체,121,0.012905693720579266,0.014294928639920323,0.5785123966942148,4,0.12360055106652301,-0.49013063818695424,3.062212540537766
b,0.175,1.0,entry,탐색,80,0.022705729840268387,0.02500246055567268,0.6375,2,0.26104778595446976,-0.3818801651179402,4.3248176765870445
b,0.3170731707317073,1.0,entry,검증,41,-0.006216327976375123,-0.022143805222094692,0.4634146341463415,2,-0.09962501190170014,-0.48519723623264477,0.7080558695261195
b,0.2231404958677686,1.0,wait20,전체,121,0.01118309936548184,0.013330845995058738,0.5702479338842975,0,0.09826941834696568,-0.5172754745478851,2.459997044546926
b,0.175,1.0,wait20,탐색,80,0.020791515569803083,0.02032751376105202,0.625,0,0.23023171873229265,-0.3818801651179402,3.6994035250944486
b,0.3170731707317073,1.0,wait20,검증,41,-0.0075650298136815675,-0.022143805222094692,0.4634146341463415,0,-0.11664454503798583,-0.5165225511718241,0.6649712657350966
b,0.2231404958677686,0.5,none,전체,121,0.005591549682740924,0.006665422997529369,0.5702479338842975,0,0.060174506783777115,-0.28610379523294227,1.7526822520050418
b,0.175,0.5,none,탐색,80,0.010395757784901545,0.010163756880526065,0.625,0,0.12168709598649863,-0.20718769232279066,2.06473695995378
b,0.3170731707317073,0.5,none,검증,41,-0.0037825149068407755,-0.01107190261104729,0.4634146341463415,0,-0.04858878961672208,-0.2861037952329435,0.8488646670248369
b,0.2231404958677686,0.5,low5,전체,121,0.005689466992077574,0.007147464319960051,0.5785123966942148,14,0.06042568425615613,-0.3231578240632307,1.7566740080195493
b,0.175,0.5,low5,탐색,80,0.010449749948940847,0.01250123027783634,0.6375,10,0.12095726564176923,-0.25164291829151053,2.0562698756146567
b,0.3170731707317073,0.5,low5,검증,41,-0.0035988899969239315,-0.01107190261104729,0.4634146341463415,4,-0.04674062990870276,-0.2925145939963987,0.8543012903374103
b,0.2231404958677686,0.5,entry,전체,121,0.006452846860289637,0.007147464319960051,0.5785123966942148,4,0.0720181586295987,-0.2648052166537216,1.950008216343455
b,0.175,0.5,entry,탐색,80,0.011352864920134199,0.01250123027783634,0.6375,2,0.13550293175768746,-0.20718769232279066,2.2306459318967025
b,0.3170731707317073,0.5,entry,검증,41,-0.0031081639881875545,-0.01107190261104729,0.4634146341463415,2,-0.04004850253953762,-0.26480521665372225,0.8741899323687707
b,0.2231404958677686,0.5,wait20,전체,121,0.005591549682740924,0.006665422997529369,0.5702479338842975,0,0.060174506783777115,-0.28610379523294227,1.7526822520050418
b,0.175,0.5,wait20,탐색,80,0.010395757784901545,0.010163756880526065,0.625,0,0.12168709598649863,-0.20718769232279066,2.06473695995378
b,0.3170731707317073,0.5,wait20,검증,41,-0.0037825149068407755,-0.01107190261104729,0.4634146341463415,0,-0.04858878961672208,-0.2861037952329435,0.8488646670248369
b,0.2231404958677686,0.33,none,전체,121,0.0036904227906089573,0.004399179178369295,0.5702479338842975,0,0.04208400161709669,-0.19473395203991017,1.4856723062652417
b,0.175,0.33,none,탐색,80,0.006861200138034966,0.0067080795411471605,0.625,0,0.08156713759886558,-0.1405165673866109,1.6405761577265143
b,0.3170731707317073,0.33,none,검증,41,-0.002496459838514962,-0.0073074557232912785,0.4634146341463415,0,-0.029698891504416736,-0.19473395203990995,0.9055796034023001
b,0.2231404958677686,0.33,low5,전체,121,0.003755048214771143,0.004717326451173731,0.5785123966942148,14,0.04249718738337904,-0.21875213919431324,1.4913388900192723
b,0.175,0.33,low5,탐색,80,0.006896834966300903,0.008250811983371964,0.6375,10,0.08144936743578834,-0.1694792391830129,1.6394486430783475
b,0.3170731707317073,0.33,low5,검증,41,-0.0023752673979698527,-0.0073074557232912785,0.4634146341463415,4,-0.028372348794297397,-0.20006568256929225,0.9096588028637657
b,0.2231404958677686,0.33,entry,전체,121,0.004258878927791106,0.004717326451173731,0.5785123966942148,4,0.04968983584323139,-0.17929284255895328,1.5931342814032468
b,0.175,0.33,entry,탐색,80,0.007492890847288515,0.008250811983371964,0.6375,2,0.09031211581543852,-0.1405165673866109,1.7261435838864598
b,0.3170731707317073,0.33,entry,검증,41,-0.0020513882322038385,-0.0073074557232912785,0.4634146341463415,2,-0.024080460483444366,-0.17929284255895417,0.9229442418783388
b,0.2231404958677686,0.33,wait20,전체,121,0.0036904227906089573,0.004399179178369295,0.5702479338842975,0,0.04208400161709669,-0.19473395203991017,1.4856723062652417
b,0.175,0.33,wait20,탐색,80,0.006861200138034966,0.0067080795411471605,0.625,0,0.08156713759886558,-0.1405165673866109,1.6405761577265143
b,0.3170731707317073,0.33,wait20,검증,41,-0.002496459838514962,-0.0073074557232912785,0.4634146341463415,0,-0.029698891504416736,-0.19473395203990995,0.9055796034023001
b,0.09917355371900827,1.0,none,전체,121,0.009958593203534885,0.014294928639920323,0.5950413223140496,0,0.07312842777692441,-0.46323090666090105,1.96948929400214
b,0.0875,1.0,none,탐색,80,0.017597616730200407,0.02032751376105202,0.6375,0,0.1721407750247237,-0.46323090666090105,2.7258581701597557
b,0.12195121951219512,1.0,none,검증,41,-0.004946818555812474,0.0035962109543163923,0.5121951219512195,0,-0.09407293112150361,-0.4442102696738348,0.7225208250239659
b,0.09917355371900827,1.0,low5,전체,121,0.008623307122381704,0.014294928639920323,0.5950413223140496,10,0.045634561999693624,-0.5927613514399395,1.5350016610657773
b,0.0875,1.0,low5,탐색,80,0.01667510410842002,0.02032751376105202,0.6375,8,0.14612242529724573,-0.5718523614518207,2.3656719056978863
b,0.12195121951219512,1.0,low5,검증,41,-0.007087516265010124,0.0035962109543163923,0.5121951219512195,2,-0.12320403186650952,-0.5008690663653884,0.6488649830809661
b,0.09917355371900827,1.0,entry,전체,121,0.011210233042824544,0.014294928639920323,0.5950413223140496,1,0.09164295766496,-0.46323090666090105,2.3211051657470962
b,0.0875,1.0,entry,탐색,80,0.019490721987126015,0.02032751376105202,0.6375,1,0.20303863109913367,-0.46323090666090105,3.2125097095576507
b,0.12195121951219512,1.0,entry,검증,41,-0.004946818555812474,0.0035962109543163923,0.5121951219512195,0,-0.09407293112150361,-0.4442102696738348,0.7225208250239659
b,0.09917355371900827,1.0,wait20,전체,121,0.009958593203534885,0.014294928639920323,0.5950413223140496,0,0.07312842777692441,-0.46323090666090105,1.96948929400214
b,0.0875,1.0,wait20,탐색,80,0.017597616730200407,0.02032751376105202,0.6375,0,0.1721407750247237,-0.46323090666090105,2.7258581701597557
b,0.12195121951219512,1.0,wait20,검증,41,-0.004946818555812474,0.0035962109543163923,0.5121951219512195,0,-0.09407293112150361,-0.4442102696738348,0.7225208250239659
b,0.09917355371900827,0.5,none,전체,121,0.004979296601767452,0.007147464319960051,0.5950413223140496,0,0.05014323357991213,-0.25745475869675494,1.5997548092926974
b,0.0875,0.5,none,탐색,80,0.008798808365100209,0.010163756880526065,0.6375,0,0.09721312140816685,-0.25745475869675494,1.796291695832852
b,0.12195121951219512,0.5,none,검증,41,-0.002473409277906221,0.001798105477158085,0.5121951219512195,0,-0.03461033270498248,-0.2418962898467938,0.8905874324331109
b,0.09917355371900827,0.5,low5,전체,121,0.004311653561190862,0.007147464319960051,0.5950413223140496,10,0.03932712367007829,-0.31468231414034653,1.4483545595528462
b,0.0875,0.5,low5,탐색,80,0.008337552054210015,0.010163756880526065,0.6375,8,0.08836698435786072,-0.31077691330297164,1.7067933300000924
b,0.12195121951219512,0.5,low5,검증,41,-0.003543758132505046,0.001798105477158085,0.5121951219512195,2,-0.048685014008699956,-0.27765276676413486,0.8485822706799345
b,0.09917355371900827,0.5,entry,전체,121,0.005605116521412282,0.007147464319960051,0.5950413223140496,1,0.05879080495481759,-0.25745475869675494,1.730837548956599
b,0.0875,0.5,entry,탐색,80,0.009745360993563015,0.010163756880526065,0.6375,1,0.11098557433972189,-0.25745475869675494,1.9434785243127666
b,0.12195121951219512,0.5,entry,검증,41,-0.002473409277906221,0.001798105477158085,0.5121951219512195,0,-0.03461033270498248,-0.2418962898467938,0.8905874324331109
b,0.09917355371900827,0.5,wait20,전체,121,0.004979296601767452,0.007147464319960051,0.5950413223140496,0,0.05014323357991213,-0.25745475869675494,1.5997548092926974
b,0.0875,0.5,wait20,탐색,80,0.008798808365100209,0.010163756880526065,0.6375,0,0.09721312140816685,-0.25745475869675494,1.796291695832852
b,0.12195121951219512,0.5,wait20,검증,41,-0.002473409277906221,0.001798105477158085,0.5121951219512195,0,-0.03461033270498248,-0.2418962898467938,0.8905874324331109
b,0.09917355371900827,0.33,none,전체,121,0.003286335757166452,0.004717326451173731,0.5950413223140496,0,0.036001684367166,-0.1760336489153489,1.4044594149003835
b,0.0875,0.33,none,탐색,80,0.00580721352096607,0.0067080795411471605,0.6375,0,0.06639173911424234,-0.1760336489153489,1.5005563853249224
b,0.12195121951219512,0.33,none,검증,41,-0.0016324501234181695,0.0011867496149244872,0.5121951219512195,0,-0.0199174775368115,-0.16407471641186866,0.9359591073255598
b,0.09917355371900827,0.33,low5,전체,121,0.0028456913503858996,0.004717326451173731,0.5950413223140496,10,0.029437458273086747,-0.2108381829706053,1.3212946680151727
b,0.0875,0.33,low5,탐색,80,0.0055027843557785405,0.0067080795411471605,0.6375,8,0.061300888333831294,-0.2108381829706053,1.4558993087913563
b,0.12195121951219512,0.33,low5,검증,41,-0.002338880367453401,0.0011867496149244872,0.5121951219512195,2,-0.029059114376300266,-0.18945164403137305,0.9075453639112386
b,0.09917355371900827,0.33,entry,전체,121,0.003699376904132039,0.004717326451173731,0.5950413223140496,1,0.04154802745783015,-0.1760336489153489,1.4783504985518618
b,0.0875,0.33,entry,탐색,80,0.0064319382557515205,0.0067080795411471605,0.6375,1,0.07508760890532029,-0.1760336489153489,1.579503299856921
b,0.12195121951219512,0.33,entry,검증,41,-0.0016324501234181695,0.0011867496149244872,0.5121951219512195,0,-0.0199174775368115,-0.16407471641186866,0.9359591073255598
b,0.09917355371900827,0.33,wait20,전체,121,0.003286335757166452,0.004717326451173731,0.5950413223140496,0,0.036001684367166,-0.1760336489153489,1.4044594149003835
b,0.0875,0.33,wait20,탐색,80,0.00580721352096607,0.0067080795411471605,0.6375,0,0.06639173911424234,-0.1760336489153489,1.5005563853249224
b,0.12195121951219512,0.33,wait20,검증,41,-0.0016324501234181695,0.0011867496149244872,0.5121951219512195,0,-0.0199174775368115,-0.16407471641186866,0.9359591073255598
b,0.2396694214876033,1.0,none,전체,121,0.013505093329886895,0.013330845995058738,0.5785123966942148,0,0.135451097336311,-0.483673292873793,3.3868199377692427
b,0.175,1.0,none,탐색,80,0.019696204847333414,0.015473053295532835,0.625,0,0.2156954982787922,-0.483673292873793,3.4319484456373233
b,0.36585365853658536,1.0,none,검증,41,0.0014248757348692958,-0.00849021801804739,0.4878048780487805,0,-0.004015632277272196,-0.3633434855259652,0.9868504703427426
b,0.2396694214876033,1.0,low5,전체,121,0.013705015680403382,0.013330845995058738,0.5950413223140496,15,0.13435489091399644,-0.43225125977450496,3.355549934752403
b,0.175,1.0,low5,탐색,80,0.019829334964043953,0.016866590703800366,0.6375,11,0.21352484015183748,-0.43225125977450496,3.393443434034843
b,0.36585365853658536,1.0,low5,검증,41,0.0017551243952510563,0.00426445839135603,0.5121951219512195,4,-0.003407730554053523,-0.4314980935106212,0.9888333193055818
b,0.2396694214876033,1.0,entry,전체,121,0.014387809062023181,0.008272394313019182,0.5785123966942148,6,0.14856250653850034,-0.45317107339703444,3.7815989134979797
b,0.175,1.0,entry,탐색,80,0.02192238818754106,0.016866590703800366,0.625,3,0.2512520861083478,-0.45317107339703444,4.117045949444402
b,0.36585365853658536,1.0,entry,검증,41,-0.00031380874386535896,-0.00849021801804739,0.4878048780487805,3,-0.025504144289054786,-0.3449749500773619,0.9185223968676649
b,0.2396694214876033,1.0,wait20,전체,121,0.013505093329886895,0.013330845995058738,0.5785123966942148,0,0.135451097336311,-0.483673292873793,3.3868199377692427
b,0.175,1.0,wait20,탐색,80,0.019696204847333414,0.015473053295532835,0.625,0,0.2156954982787922,-0.483673292873793,3.4319484456373233
b,0.36585365853658536,1.0,wait20,검증,41,0.0014248757348692958,-0.00849021801804739,0.4878048780487805,0,-0.004015632277272196,-0.3633434855259652,0.9868504703427426
b,0.2396694214876033,0.5,none,전체,121,0.0067525466649434535,0.006665422997529369,0.5785123966942148,0,0.07684712615315137,-0.2744213909934782,2.036015072060887
b,0.175,0.5,none,탐색,80,0.009848102423666712,0.007736526647766362,0.625,0,0.11448766464005122,-0.2744213909934782,1.9824822985070674
b,0.36585365853658536,0.5,none,검증,41,0.0007124378674346573,-0.00424510900902364,0.4878048780487805,0,0.008132381136255029,-0.19055996572716694,1.027002901157874
b,0.2396694214876033,0.5,low5,전체,121,0.0068525078402017,0.006665422997529369,0.5950413223140496,15,0.07737088190677688,-0.23510296884304982,2.0455447751165132
b,0.175,0.5,low5,탐색,80,0.009914667482021983,0.008433295351900183,0.6375,11,0.1145716265285941,-0.22770184396684634,1.9834254312327557
b,0.36585365853658536,0.5,low5,검증,41,0.0008775621976255376,0.002132229195678015,0.5121951219512195,4,0.009418471786940108,-0.23510296884304993,1.031319223251639
b,0.2396694214876033,0.5,entry,전체,121,0.0071939045310115985,0.004136197156509702,0.5785123966942148,6,0.0829453754879872,-0.2536924141559037,2.149476751933226
b,0.175,0.5,entry,탐색,80,0.010961194093770535,0.008433295351900183,0.625,3,0.1304825852968714,-0.2536924141559037,2.1691074302010382
b,0.36585365853658536,0.5,entry,검증,41,-0.00015690437193266866,-0.00424510900902364,0.4878048780487805,3,-0.0027597703601164314,-0.1793711233191424,0.9909498819678171
b,0.2396694214876033,0.5,wait20,전체,121,0.0067525466649434535,0.006665422997529369,0.5785123966942148,0,0.07684712615315137,-0.2744213909934782,2.036015072060887
b,0.175,0.5,wait20,탐색,80,0.009848102423666712,0.007736526647766362,0.625,0,0.11448766464005122,-0.2744213909934782,1.9824822985070674
b,0.36585365853658536,0.5,wait20,검증,41,0.0007124378674346573,-0.00424510900902364,0.4878048780487805,0,0.008132381136255029,-0.19055996572716694,1.027002901157874
b,0.2396694214876033,0.33,none,전체,121,0.0044566807988626125,0.004399179178369295,0.5785123966942148,0,0.05263617053173908,-0.1891224573767889,1.6365990701991575
b,0.175,0.33,none,탐색,80,0.006499747599619961,0.005106107587525832,0.625,0,0.07685997485835516,-0.1891224573767889,1.5960153959277261
b,0.36585365853658536,0.33,none,검증,41,0.0004702089925068102,-0.0028017719459556556,0.4878048780487805,0,0.007662223556890391,-0.12739677525457682,1.0254281220437975
b,0.2396694214876033,0.33,low5,전체,121,0.0045226551745330525,0.004399179178369295,0.5950413223140496,15,0.05317003215751148,-0.1603696887062409,1.644587385361458
b,0.175,0.33,low5,탐색,80,0.006543680538134443,0.005565974932254192,0.6375,11,0.0771129666392778,-0.15294519821885466,1.598384177246363
b,0.36585365853658536,0.33,low5,검증,41,0.0005791910504327791,0.0014072712691475253,0.5121951219512195,4,0.008699949705707422,-0.16036968870624158,1.0289061971288314
b,0.2396694214876033,0.33,entry,전체,121,0.004747976990467586,0.0027298901232961637,0.5785123966942148,6,0.056545785956606975,-0.17400160615091875,1.6959136229174825
b,0.175,0.33,entry,탐색,80,0.007234388101888485,0.005565974932254192,0.625,3,0.08699850251486674,-0.17400160615091875,1.6932892908441568
b,0.36585365853658536,0.33,entry,검증,41,-0.00010355688547563243,-0.0028017719459556556,0.4878048780487805,3,0.0004708683909049327,-0.12045727048909405,1.0015498427158973
b,0.2396694214876033,0.33,wait20,전체,121,0.0044566807988626125,0.004399179178369295,0.5785123966942148,0,0.05263617053173908,-0.1891224573767889,1.6365990701991575
b,0.175,0.33,wait20,탐색,80,0.006499747599619961,0.005106107587525832,0.625,0,0.07685997485835516,-0.1891224573767889,1.5960153959277261
b,0.36585365853658536,0.33,wait20,검증,41,0.0004702089925068102,-0.0028017719459556556,0.4878048780487805,0,0.007662223556890391,-0.12739677525457682,1.0254281220437975
