signal,entry,sym,ret,stopped,re,period
2016-01-04,a,DHI,-0.14726921234125046,False,0,탐색 ~2022
2016-02-02,a,RCL,0.028440298388065832,False,0,탐색 ~2022
2016-03-02,a,DUK,0.09163172826915056,False,0,탐색 ~2022
2016-03-31,a,GIS,-0.020998920597408266,False,0,탐색 ~2022
2016-04-28,a,ABT,-0.03858627385576596,False,0,탐색 ~2022
2016-05-26,a,DLTR,0.030755423430618878,False,0,탐색 ~2022
2016-06-24,a,CCI,0.009935142564735377,False,0,탐색 ~2022
2016-07-25,a,ROP,0.08324425558583948,False,0,탐색 ~2022
2016-08-22,a,AMAT,0.03689721165117654,False,0,탐색 ~2022
2016-09-20,a,LEN,-0.03601699959004423,False,0,탐색 ~2022
2016-10-18,a,NFLX,-0.04132822431847771,False,0,탐색 ~2022
2016-11-15,a,COO,0.015329982666720143,False,0,탐색 ~2022
2016-12-14,a,UHS,0.09691485764160923,False,0,탐색 ~2022
2017-01-13,a,CSX,0.23391566507732042,False,0,탐색 ~2022
2017-02-13,a,VRSN,0.038639719421098784,False,0,탐색 ~2022
2017-03-14,a,UAL,0.0856715353277353,False,0,탐색 ~2022
2017-04-11,a,UAL,0.09410997803458487,False,0,탐색 ~2022
2017-05-10,a,NVDA,0.3310155869125848,False,0,탐색 ~2022
2017-06-08,a,EMR,-0.010484869926641549,False,0,탐색 ~2022
2017-07-07,a,MTD,-0.023241418748706333,False,0,탐색 ~2022
2017-08-04,a,MSI,-0.02939249122628229,False,0,탐색 ~2022
2017-09-01,a,COO,0.016207892960061088,False,0,탐색 ~2022
2017-10-02,a,MGM,-0.012337565237275028,False,0,탐색 ~2022
2017-10-30,a,LEN,0.11857222726070527,False,0,탐색 ~2022
2017-11-28,a,BSX,-0.05806647030801193,False,0,탐색 ~2022
2017-12-27,a,CBRE,0.05387630404934152,False,0,탐색 ~2022
2018-01-26,a,WYNN,-0.010840775472378605,False,0,탐색 ~2022
2018-02-26,a,ALB,-0.14545688444851768,False,0,탐색 ~2022
2018-03-26,a,ADP,0.014662131165672943,False,0,탐색 ~2022
2018-04-24,a,CAT,0.08383333978308061,False,0,탐색 ~2022
2018-05-22,a,AZO,0.1532210992831604,False,0,탐색 ~2022
2018-06-20,a,SBUX,-0.020130820141039063,False,0,탐색 ~2022
2018-07-19,a,EBAY,-0.020845430409717536,False,0,탐색 ~2022
2018-08-16,a,WMT,-0.03445924808014322,False,0,탐색 ~2022
2018-09-14,a,NI,-0.021717298342919023,False,0,탐색 ~2022
2018-10-12,a,PNC,0.07736138874374521,False,0,탐색 ~2022
2018-11-09,a,SWKS,-0.07002508970654842,False,0,탐색 ~2022
2018-12-11,a,WELL,-0.03294855590525092,False,0,탐색 ~2022
2019-01-10,a,TGT,0.03570039995287155,False,0,탐색 ~2022
2019-02-08,a,HAS,-0.039607302065689964,False,0,탐색 ~2022
2019-03-11,a,BA,-0.028433547938477743,False,0,탐색 ~2022
2019-04-08,a,GEN,-0.07248499456522461,False,0,탐색 ~2022
2019-05-07,a,VTRS,-0.1785790792064943,False,0,탐색 ~2022
2019-06-05,a,NCLH,0.011614444893160991,False,0,탐색 ~2022
2019-07-03,a,GEN,-0.13666900030774998,False,0,탐색 ~2022
2019-08-01,a,CRM,0.038840455483518666,False,0,탐색 ~2022
2019-08-29,a,DG,0.019666349278964823,False,0,탐색 ~2022
2019-09-27,a,BNY,0.038311589388607015,False,0,탐색 ~2022
2019-10-25,a,EIX,0.12281013774265515,False,0,탐색 ~2022
2019-11-22,a,SJM,-0.040965014237226316,False,0,탐색 ~2022
2019-12-23,a,APA,0.13888651464180124,False,0,탐색 ~2022
2020-01-23,a,MTB,-0.01514458760597237,False,0,탐색 ~2022
2020-02-21,a,WRB,-0.38877447618098115,False,0,탐색 ~2022
2020-03-20,a,VTRS,-0.007630331862468753,False,0,탐색 ~2022
2020-04-20,a,NFLX,0.015525495664306055,False,0,탐색 ~2022
2020-05-18,a,EXPE,0.10043284231200911,False,0,탐색 ~2022
2020-06-16,a,LLY,0.005415053825368998,False,0,탐색 ~2022
2020-07-15,a,GS,-0.008449342154347672,False,0,탐색 ~2022
2020-08-12,a,EMR,-0.04621961540733355,False,0,탐색 ~2022
2020-09-10,a,ED,0.12968507253451977,False,0,탐색 ~2022
2020-10-08,a,IBM,-0.13226845807662013,False,0,탐색 ~2022
2020-11-05,a,QCOM,0.08200655530920553,False,0,탐색 ~2022
2020-12-04,a,OXY,0.0758063028600624,False,0,탐색 ~2022
2021-01-05,a,TDY,0.0021043723865712405,False,0,탐색 ~2022
2021-02-03,a,GOOG,-0.011550241192141986,False,0,탐색 ~2022
2021-03-04,a,TYL,-0.00016982495400896802,False,0,탐색 ~2022
2021-04-01,a,TRMB,-0.014141911890375725,False,0,탐색 ~2022
2021-04-30,a,DXCM,-0.04519140590140869,False,0,탐색 ~2022
2021-05-28,a,ULTA,-0.01230433749605886,False,0,탐색 ~2022
2021-06-28,a,PSKY,-0.10310079003214778,False,0,탐색 ~2022
2021-07-27,a,UPS,-0.006085326795215118,False,0,탐색 ~2022
2021-08-24,a,BBY,-0.1239724943891487,False,0,탐색 ~2022
2021-09-22,a,FDX,0.007716527105281035,False,0,탐색 ~2022
2021-10-20,a,PYPL,-0.20398404523396063,False,0,탐색 ~2022
2021-11-17,a,TGT,-0.12401615330483551,False,0,탐색 ~2022
2021-12-16,a,SWKS,0.07300461727912144,False,0,탐색 ~2022
2022-01-14,a,LVS,0.08308182159967403,False,0,탐색 ~2022
2022-02-14,a,ES,0.026343488964193806,False,0,탐색 ~2022
2022-03-15,a,SNPS,0.06396158604290769,False,0,탐색 ~2022
2022-04-12,a,WBD,-0.3276539357008579,False,0,탐색 ~2022
2022-05-11,a,IFF,0.025279200302049665,False,0,탐색 ~2022
2022-06-09,a,NXPI,-0.15194735060685716,False,0,탐색 ~2022
2022-07-11,a,WYNN,0.24518623226853253,False,0,탐색 ~2022
2022-08-08,a,TSN,-0.08559416282667531,False,0,탐색 ~2022
2022-09-06,a,ECL,-0.05680715629135635,False,0,탐색 ~2022
2022-10-04,a,HAS,-0.049140956114609,False,0,탐색 ~2022
2022-11-01,a,ZBRA,0.14262591897697674,False,0,탐색 ~2022
2022-11-30,a,NTAP,-0.10957856081178863,False,0,탐색 ~2022
2022-12-29,a,CBOE,-0.03762233781976365,False,0,탐색 ~2022
2023-01-30,a,JNJ,-0.047286755224736576,False,0,검증 2023~
2023-02-28,a,UHS,-0.06948052094978074,False,0,검증 2023~
2023-03-28,a,MKC,0.04539428931568401,False,0,검증 2023~
2023-04-26,a,CMG,0.011385508952505896,False,0,검증 2023~
2023-05-24,a,INTU,0.07953416137433234,False,0,검증 2023~
2023-06-23,a,MSI,0.0537625396383592,False,0,검증 2023~
2023-07-24,a,BDX,-0.008438532841740232,False,0,검증 2023~
2023-08-21,a,PANW,-0.02463107678135712,False,0,검증 2023~
2023-09-19,a,CBOE,0.0471009983565549,False,0,검증 2023~
2023-10-17,a,BNY,0.08120773090555944,False,0,검증 2023~
2023-11-14,a,FRT,0.09604741077993584,False,0,검증 2023~
2023-12-13,a,VRTX,0.07036283290202672,False,0,검증 2023~
2024-01-12,a,DAL,0.06184815372305885,False,0,검증 2023~
2024-02-12,a,ANET,0.09076168623401593,False,0,검증 2023~
2024-03-12,a,ORCL,-0.04766613893921212,False,0,검증 2023~
2024-04-10,a,DAL,0.11629198368022098,False,0,검증 2023~
2024-05-08,a,UBER,0.02922126830677918,False,0,검증 2023~
2024-06-06,a,LULU,-0.08639051470704207,False,0,검증 2023~
2024-07-08,a,SW,-0.10723929168154833,False,0,검증 2023~
2024-08-05,a,TSN,0.04162412262559423,False,0,검증 2023~
2024-09-03,a,BA,-0.03973223976500628,False,0,검증 2023~
2024-10-01,a,HUM,0.17061662883486783,False,0,검증 2023~
2024-10-29,a,BA,-0.01345071997184566,False,0,검증 2023~
2024-11-26,a,AMGN,-0.058588179005058416,False,0,검증 2023~
2024-12-26,a,SRE,-0.062223118645968856,False,0,검증 2023~
2025-01-28,a,RCL,-0.08481585882643461,False,0,검증 2023~
2025-02-26,a,SRE,-0.01621504294054521,False,0,검증 2023~
2025-03-26,a,DLTR,0.14567018277003307,False,0,검증 2023~
2025-04-24,a,FISV,-0.11113727236876225,False,0,검증 2023~
2025-05-22,a,WSM,-0.0035138942247442406,False,0,검증 2023~
2025-06-23,a,NTRS,0.04051629429610504,False,0,검증 2023~
2025-07-22,a,LMT,0.06394598408340446,False,0,검증 2023~
2025-08-19,a,MDT,0.04460969120302871,False,0,검증 2023~
2025-09-17,a,WDAY,-0.014259859905784267,False,0,검증 2023~
2025-10-15,a,PNC,0.0178226010989444,False,0,검증 2023~
2025-11-12,a,CSCO,0.014901073363311257,False,0,검증 2023~
2025-12-11,a,NDSN,0.09764462814915875,False,0,검증 2023~
2026-01-12,a,COF,-0.06440604603745426,False,0,검증 2023~
2026-02-10,a,WAT,-0.09152163196589014,False,0,검증 2023~
2026-03-11,a,FANG,0.042192456761671826,False,0,검증 2023~
2026-04-09,a,TPL,0.028462064775284457,False,0,검증 2023~
2026-05-07,a,DDOG,0.2595256858174202,False,0,검증 2023~
2026-06-05,a,LULU,0.004109224513123344,False,0,검증 2023~
2026-07-07,a,D,-0.01128341381986775,False,0,검증 2023~
2026-08-04,a,PLTR,0.10839714871978745,False,0,검증 2023~
2016-01-04,b,DHI,-0.11051574661157215,False,0,탐색 ~2022
2016-02-04,b,RL,0.15749341450136978,False,0,탐색 ~2022
2016-03-07,b,APA,0.05101690628988842,False,0,탐색 ~2022
2016-04-06,b,STZ,0.004881112661346609,False,0,탐색 ~2022
2016-05-05,b,COR,0.002798816925241754,False,0,탐색 ~2022
2016-06-06,b,MNST,0.04838536727052256,False,0,탐색 ~2022
2016-07-06,b,HAS,-0.04165231639794764,False,0,탐색 ~2022
2016-08-10,b,KLAC,0.01943825276768041,False,0,탐색 ~2022
2016-09-09,b,TT,0.013330845995058738,False,0,탐색 ~2022
2016-10-11,b,ABT,-0.016455832146668015,False,0,탐색 ~2022
2016-11-11,b,NVDA,0.08107684671717585,False,0,탐색 ~2022
2016-12-13,b,NWS,0.014294928639920323,False,0,탐색 ~2022
2017-01-13,b,CSX,0.31100304442436966,False,0,탐색 ~2022
2017-02-14,b,VRSN,0.052036164622386805,False,0,탐색 ~2022
2017-03-17,b,AJG,-0.021724803476350862,False,0,탐색 ~2022
2017-04-18,b,CAH,0.0019546484783101725,False,0,탐색 ~2022
2017-05-19,b,ADSK,-0.07361033232827607,False,0,탐색 ~2022
2017-06-21,b,AMD,-0.017950405103741462,False,0,탐색 ~2022
2017-07-24,b,HAS,-0.11340734691340337,False,0,탐색 ~2022
2017-08-23,b,LOW,0.07494981515256427,False,0,탐색 ~2022
2017-09-22,b,DVA,0.06940881607869498,False,0,탐색 ~2022
2017-10-25,b,CMG,-0.003740994869318892,False,0,탐색 ~2022
2017-11-27,b,WDC,-0.011487755839989289,False,0,탐색 ~2022
2017-12-28,b,MO,-0.006519172828354458,False,0,탐색 ~2022
2018-01-31,b,AOS,-0.024973738517622524,False,0,탐색 ~2022
2018-03-05,b,CF,-0.1289789090321355,False,0,탐색 ~2022
2018-04-04,b,LEN,-0.11835394301710067,False,0,탐색 ~2022
2018-05-04,b,SYY,0.04552509355192225,False,0,탐색 ~2022
2018-06-06,b,EFX,0.03301574228268822,False,0,탐색 ~2022
2018-07-10,b,PEP,0.0064257252195798475,False,0,탐색 ~2022
2018-08-08,b,VTRS,0.04529064244990044,False,0,탐색 ~2022
2018-09-07,b,AVGO,0.07866918105928344,False,0,탐색 ~2022
2018-10-09,b,PPG,0.12021906168321661,False,0,탐색 ~2022
2018-11-08,b,MNST,0.04646179895716296,False,0,탐색 ~2022
2018-12-12,b,FE,-0.02998975142574478,False,0,탐색 ~2022
2019-01-15,b,SHW,0.11069638384824199,False,0,탐색 ~2022
2019-02-20,b,GRMN,0.02878814635692173,False,0,탐색 ~2022
2019-03-21,b,BIIB,0.03787202044907945,False,0,탐색 ~2022
2019-04-22,b,KMB,0.0339276025809363,False,0,탐색 ~2022
2019-05-21,b,AZO,0.07426276086437822,False,0,탐색 ~2022
2019-06-21,b,ARE,0.008272394313019182,False,0,탐색 ~2022
2019-07-24,b,ROL,-0.03334088497659371,False,0,탐색 ~2022
2019-08-22,b,KEYS,0.058408883392759625,False,0,탐색 ~2022
2019-09-23,b,IT,0.02121677475442363,False,0,탐색 ~2022
2019-10-25,b,EIX,0.08659204848981172,False,0,탐색 ~2022
2019-11-25,b,SCHW,-0.022526277432249664,False,0,탐색 ~2022
2019-12-26,b,AMZN,0.006669880118186811,False,0,탐색 ~2022
2020-01-29,b,GE,-0.14367104182272816,False,0,탐색 ~2022
2020-02-28,b,LYV,-0.22119417725725643,False,0,탐색 ~2022
2020-03-30,b,ABT,0.20108239283606388,False,0,탐색 ~2022
2020-04-29,b,LUV,0.23219945361362004,False,0,탐색 ~2022
2020-06-01,b,ECL,-0.13610402750279793,False,0,탐색 ~2022
2020-07-08,b,APD,-0.006937330378009698,False,0,탐색 ~2022
2020-08-17,b,GM,0.07003193145773112,False,0,탐색 ~2022
2020-09-16,b,FDX,0.15876892870547366,False,0,탐색 ~2022
2020-10-15,b,VRTX,0.03068372916543405,False,0,탐색 ~2022
2020-11-17,b,VTRS,0.10528602703382761,False,0,탐색 ~2022
2020-12-17,b,NWS,0.08856931173374138,False,0,탐색 ~2022
2021-01-20,b,NFLX,-0.07380157652685215,False,0,탐색 ~2022
2021-02-19,b,DE,0.051101123755889155,False,0,탐색 ~2022
2021-03-23,b,CARR,0.07001446010034096,False,0,탐색 ~2022
2021-04-22,b,EFX,0.04363131770224582,False,0,탐색 ~2022
2021-05-24,b,NVDA,0.22555412930862384,False,0,탐색 ~2022
2021-06-25,b,LIN,0.0316247237388283,False,0,탐색 ~2022
2021-07-29,b,AMD,-0.014186312565553805,False,0,탐색 ~2022
2021-09-02,b,PWR,-0.02400603618891395,False,0,탐색 ~2022
2021-10-05,b,NFLX,0.051869110456410183,False,0,탐색 ~2022
2021-11-04,b,QCOM,0.12845033466466727,False,0,탐색 ~2022
2021-12-09,b,LH,-0.12221128253937308,False,0,탐색 ~2022
2022-01-18,b,GS,0.02989468492683911,False,0,탐색 ~2022
2022-02-16,b,PSKY,0.28586989862265355,False,0,탐색 ~2022
2022-03-18,b,LYB,0.056656787960903676,False,0,탐색 ~2022
2022-04-20,b,NFLX,-0.16834761497510387,False,0,탐색 ~2022
2022-05-19,b,CSCO,-0.060498723726902015,False,0,탐색 ~2022
2022-06-29,b,GIS,0.007384919696153958,False,0,탐색 ~2022
2022-08-02,b,CL,-0.013129224221327784,False,0,탐색 ~2022
2022-09-01,b,HRL,-0.008437618750421372,False,0,탐색 ~2022
2022-10-03,b,AKAM,0.0017542923178117675,False,0,탐색 ~2022
2022-11-02,b,CHRW,0.036141526155089476,False,0,탐색 ~2022
2022-12-08,b,FOX,0.031698766575110504,False,0,탐색 ~2022
2023-01-13,b,VICI,0.05324103940048075,False,0,검증 2023~
2023-02-15,b,DVN,-0.14429244494913063,False,0,검증 2023~
2023-03-17,b,CINF,-0.00849021801804739,False,0,검증 2023~
2023-04-20,b,LVS,-0.1170614661583157,False,0,검증 2023~
2023-05-23,b,XYL,0.1005650548284045,False,0,검증 2023~
2023-06-23,b,MSI,0.023043325867019737,False,0,검증 2023~
2023-07-27,b,TXT,-0.023293942509779564,False,0,검증 2023~
2023-08-25,b,BA,-0.15355387446715774,False,0,검증 2023~
2023-09-29,b,NKE,0.07714685619097672,False,0,검증 2023~
2023-10-30,b,O,0.08304606858099617,False,0,검증 2023~
2023-12-05,b,CHTR,0.026745496257340795,False,0,검증 2023~
2024-01-05,b,CVS,-0.07782544249578671,False,0,검증 2023~
2024-02-06,b,GEHC,0.13424236250124633,False,0,검증 2023~
2024-03-07,b,CMI,0.1148727170714996,False,0,검증 2023~
2024-04-10,b,DAL,0.11053212588253647,False,0,검증 2023~
2024-05-10,b,AKAM,-0.06976704629435371,False,0,검증 2023~
2024-06-12,b,ORCL,0.028200084505715983,False,0,검증 2023~
2024-07-15,b,CNP,-0.09435626166709221,False,0,검증 2023~
2024-08-19,b,EL,-0.038905193200754806,False,0,검증 2023~
2024-09-18,b,GIS,-0.053733044495102855,False,0,검증 2023~
2024-10-17,b,ELV,-0.06613811203480457,False,0,검증 2023~
2024-11-15,b,OMC,-0.10161485964968664,False,0,검증 2023~
2024-12-18,b,JBL,0.2046881937608218,False,0,검증 2023~
2025-01-22,b,ORCL,0.00426445839135603,False,0,검증 2023~
2025-02-24,b,BRK-B,0.07189872505596062,False,0,검증 2023~
2025-03-26,b,DLTR,0.10312615040941853,False,0,검증 2023~
2025-04-28,b,ES,0.11386606933950016,False,0,검증 2023~
2025-05-30,b,AIZ,-0.048284497718214525,False,0,검증 2023~
2025-07-03,b,CNC,-0.20614249800796403,False,0,검증 2023~
2025-08-04,b,IDXX,-0.022143805222094692,False,0,검증 2023~
2025-09-03,b,DLTR,-0.10102208191561624,False,0,검증 2023~
2025-10-02,b,FICO,-0.10564689496607349,False,0,검증 2023~
2025-11-03,b,KMB,0.053280066144551386,False,0,검증 2023~
2025-12-03,b,MCHP,0.09871252405058639,False,0,검증 2023~
2026-01-08,b,NOC,0.08395690228355068,False,0,검증 2023~
2026-02-11,b,GNRC,-0.12176086244038853,False,0,검증 2023~
2026-03-18,b,LULU,0.0035962109543163923,False,0,검증 2023~
2026-04-20,b,STLD,0.027746375656626743,False,0,검증 2023~
2026-05-21,b,INTU,-0.1322133403234742,False,0,검증 2023~
2026-06-24,b,GWW,0.03652957216685637,False,0,검증 2023~
2026-07-27,b,FFIV,-0.053227356268035764,False,0,검증 2023~
