day,n,port,port_dn,rand_med,pctile,spy,spy_ok,period,year
2016-01-19,7,-0.018747873541077986,,0.0269309726431306,0.012,0.02772537945062381,False,탐색 ~2022,2016
2016-02-17,10,0.07549568597755663,,0.038818800153862965,0.997,0.030020663033399897,False,탐색 ~2022,2016
2016-03-02,5,0.04672290248866577,,0.027947163218711234,0.909,0.02288849345690691,False,탐색 ~2022,2016
2016-03-16,9,0.016473885789480877,,0.015432918455469558,0.552,0.016433865179230178,True,탐색 ~2022,2016
2016-05-26,6,0.0004434780651819143,,0.0026090014408624036,0.425,0.0025769420236456675,True,탐색 ~2022,2016
2016-07-11,6,0.012818241518349337,,0.01083096334910766,0.568,0.009882188474740872,True,탐색 ~2022,2016
2016-09-06,7,-0.014742462433077861,0.005288753212883336,-0.023928179594555052,0.843,-0.01984050422591399,True,탐색 ~2022,2016
2016-10-18,5,-0.0028229598892447897,0.0035851358688435897,-0.013779957779949913,0.773,-0.014064253061724208,True,탐색 ~2022,2016
2016-11-01,5,0.05034114748963818,0.0536272550614146,0.047447310397661265,0.539,0.03622163166991754,True,탐색 ~2022,2016
2016-11-15,8,0.010543562201122113,,0.009996849759343347,0.52,0.012962072061277974,True,탐색 ~2022,2016
2016-11-30,9,-0.007584062338546025,,0.017487553774424118,0.017,0.023331757723553448,True,탐색 ~2022,2016
2017-02-28,5,-0.016386274249948672,-0.013611184844715647,-0.012688106983052443,0.351,-0.006250094138150919,True,탐색 ~2022,2017
2017-04-26,8,0.00829716785420104,,0.00010327337758514639,0.779,0.004606681064325491,True,탐색 ~2022,2017
2017-05-10,7,0.0026890835620152504,,0.0064316333462322815,0.375,0.005264033267304402,True,탐색 ~2022,2017
2017-06-22,7,-0.021757006912976218,,-0.003799749451425692,0.059,-0.003293588762006472,True,탐색 ~2022,2017
2017-07-07,6,-0.008368053601815657,,0.01851914760658508,0.013,0.01970154181737116,True,탐색 ~2022,2017
2017-08-04,5,-0.06567192543607026,,-0.021830622890811738,0.0,-0.019313759289551258,True,탐색 ~2022,2017
2017-09-01,5,0.002401617286632198,,0.015802564832471225,0.139,0.014961307505605204,True,탐색 ~2022,2017
2017-09-18,10,0.008763546458929596,,0.009721270233627984,0.459,0.009280365728986162,True,탐색 ~2022,2017
2017-10-30,8,0.03238151924574782,0.015691187914035787,0.005926043491063989,0.974,0.004471517370659539,True,탐색 ~2022,2017
2017-11-28,9,0.034965591164275035,,0.011634149352474917,0.95,0.014295583303009174,True,탐색 ~2022,2017
2017-12-12,6,0.05112625796147707,,0.0053270511669380755,1.0,0.006090069334061976,True,탐색 ~2022,2017
2018-01-11,9,-0.005362294516752592,,0.0291828750616995,0.012,0.03675552441420393,True,탐색 ~2022,2018
2018-01-26,7,-0.08475759370218683,-0.05959556909156984,-0.08529307732654726,0.512,-0.08544041451088158,True,탐색 ~2022,2018
2018-02-09,6,0.030582627131800412,,0.04283541560320518,0.185,0.0533300205321221,True,탐색 ~2022,2018
2018-03-12,5,-0.08091584854660909,-0.0300179846096083,-0.04171822394709358,0.0,-0.048842936984622165,True,탐색 ~2022,2018
2018-03-26,10,-0.00935259565456775,,-0.0032371540099211654,0.269,-0.00383213559421125,True,탐색 ~2022,2018
2018-04-10,7,0.014740271425015645,0.00840041083087424,0.00024067533650210709,0.874,-0.0018597024366237003,True,탐색 ~2022,2018
2018-05-08,6,0.010823414739186448,0.021951227380031954,0.01533535360379479,0.346,0.01841745175327647,True,탐색 ~2022,2018
2018-06-06,7,-0.009905639739799535,,-0.0018624586587567197,0.237,-0.002664941574057944,True,탐색 ~2022,2018
2018-06-20,6,0.001562194147236982,,-0.0101385578999444,0.824,-0.01032797189577328,True,탐색 ~2022,2018
2018-07-05,5,0.019416487452375633,,0.019639180537933894,0.491,0.025115428907771298,True,탐색 ~2022,2018
2018-07-19,7,-0.004495698562388071,0.01503344354052718,0.008168070395947859,0.209,0.009364790585998373,True,탐색 ~2022,2018
2018-08-02,10,-0.011531973675266337,,0.003983213355750905,0.078,0.005415135629111667,True,탐색 ~2022,2018
2018-08-16,6,0.03666744890378811,,0.015065173939301532,0.969,0.022795783864597796,True,탐색 ~2022,2018
2018-09-14,5,1.9488771076960325e-05,,-0.006705642106982355,0.728,0.004181146025956206,True,탐색 ~2022,2018
2018-10-12,5,-0.075114748123842,,-0.035981852339644356,0.026,-0.03708956853265111,True,탐색 ~2022,2018
2018-10-26,5,0.032526723729497095,0.06432241211739664,0.044704706582987634,0.205,0.03333334585803094,False,탐색 ~2022,2018
2018-11-09,6,-0.005853365880108281,-0.053587600454984494,-0.02183909460068881,0.882,-0.03495763841762478,True,탐색 ~2022,2018
2018-11-26,10,-0.056064528634035694,,-0.019122141983389688,0.012,-0.008297724922381455,False,탐색 ~2022,2018
2018-12-26,10,0.0664499462560058,,0.07000205047782024,0.389,0.06723854324844347,False,탐색 ~2022,2018
2019-01-10,7,0.018254812119681704,,0.03296606586230667,0.145,0.03143451944522124,False,탐색 ~2022,2019
2019-01-25,7,0.05964823325558376,0.03139977338187283,0.033367285396239704,0.965,0.0268801454142944,False,탐색 ~2022,2019
2019-02-08,5,0.039356200873593795,,0.03157072639188843,0.745,0.030678887896968376,False,탐색 ~2022,2019
2019-04-23,9,-0.0024988169000958256,,-0.01508645011526236,0.81,-0.016599376132005572,True,탐색 ~2022,2019
2019-05-21,5,0.03364597277211658,,-0.0015999818628041045,0.997,-0.008722405705659853,True,탐색 ~2022,2019
2019-06-05,9,0.006263047558258043,,0.027455035679393447,0.023,0.03448751065239031,True,탐색 ~2022,2019
2019-06-19,6,0.029356075969139507,,0.013316421380550588,0.92,0.014231744741392216,True,탐색 ~2022,2019
2019-07-03,6,-0.009030841335356771,,0.0005597209486494965,0.198,0.004672869815713021,True,탐색 ~2022,2019
2019-07-18,7,-0.002469445152697423,-0.010485624283981363,-0.016825126249182643,0.84,-0.01733084774362803,True,탐색 ~2022,2019
2019-08-01,7,-0.04891370162977656,-0.04176358043335284,-0.034724197204718046,0.222,-0.03130857485405303,True,탐색 ~2022,2019
2019-08-15,5,0.01392251228495849,0.0022599113822308215,0.01779102890658951,0.348,0.021293145752953047,True,탐색 ~2022,2019
2019-08-29,10,0.03205041852725443,,0.029606584865241974,0.551,0.02335037498337833,True,탐색 ~2022,2019
2019-10-11,10,0.07836613773441232,,0.019924011611151825,1.0,0.019160190395165477,True,탐색 ~2022,2019
2019-10-25,8,0.021180537997377513,0.023464839250506672,0.01404694360645218,0.658,0.0198059835692741,True,탐색 ~2022,2019
2019-11-08,7,0.0016167710869915597,-0.009822432119063158,0.009673624108741587,0.208,0.011514873068763753,True,탐색 ~2022,2019
2019-11-22,6,-0.007167447221573048,,0.003033422872385296,0.134,0.006090413060547029,True,탐색 ~2022,2019
2019-12-23,5,0.031934018505150166,,0.001250022432113009,0.992,0.00927016949050019,True,탐색 ~2022,2019
2020-02-06,9,0.011979509508474708,0.008248654259906509,0.004081190807451842,0.742,0.001983453507688804,True,탐색 ~2022,2020
2020-03-20,5,-0.1307030186289342,0.02614226106710521,0.08125075483652225,0.0,0.08764640864658024,False,탐색 ~2022,2020
2020-04-03,5,0.19996388787918068,0.10409841513900062,0.08871452856252796,1.0,0.09211127284936804,False,탐색 ~2022,2020
2020-04-20,5,0.047475418334735474,0.07148937313771106,0.036634464692270066,0.654,0.024716873655119542,False,탐색 ~2022,2020
2020-05-18,10,0.04389051003962746,,0.07142795546357776,0.063,0.04664492561620004,False,탐색 ~2022,2020
2020-06-02,10,0.018926367916088337,,0.001876219931779534,0.842,0.008767574642108311,True,탐색 ~2022,2020
2020-06-16,10,-0.032361243482669944,,-0.029923476541142108,0.441,-0.013860033719102494,True,탐색 ~2022,2020
2020-06-30,7,0.04280113931644812,,0.032103580853229355,0.785,0.039667539783925676,True,탐색 ~2022,2020
2020-07-15,10,-0.04180538256139058,,0.0233097286483492,0.001,0.016667225173109257,True,탐색 ~2022,2020
2020-07-29,10,0.03932016705513168,,0.043736300276643214,0.413,0.04827555664271865,True,탐색 ~2022,2020
2020-08-12,9,0.03028515362342204,,0.0008619393296905938,0.956,0.032559738699742935,True,탐색 ~2022,2020
2020-08-26,8,-0.08053108017034011,,-0.023957452479547225,0.0,-0.04194994892728687,True,탐색 ~2022,2020
2020-09-24,6,0.13540031719985704,,0.08121287359908404,1.0,0.06572031045098803,True,탐색 ~2022,2020
2020-10-08,10,-0.0428373562268213,,-0.008951412244400873,0.01,-0.002749244424172348,True,탐색 ~2022,2020
2020-10-22,9,0.003200374528798229,0.00102588802908394,0.001238858679972817,0.543,0.012459253651824653,True,탐색 ~2022,2020
2020-11-05,10,0.05632748659484506,,0.055841424908445264,0.505,0.022433318277835568,True,탐색 ~2022,2020
2020-11-19,10,0.05756427047485985,,0.037352728812872577,0.825,0.03454539419320546,True,탐색 ~2022,2020
2020-12-04,10,0.008359362701342346,,-9.403439097065808e-05,0.745,0.004697978988291052,True,탐색 ~2022,2020
2021-01-05,10,0.07306981346365767,,0.036976416339045796,0.972,0.03835461589319622,True,탐색 ~2022,2021
2021-01-20,10,-0.007361308432929213,,-0.02006711244568983,0.848,-0.0068659743645340665,True,탐색 ~2022,2021
2021-02-03,9,0.024690960878707577,0.00040010396666368027,0.02802493288862586,0.429,0.020263030789750447,True,탐색 ~2022,2021
2021-03-04,6,-0.029965975980036065,0.02050829687072779,0.038466426850276306,0.0,0.028964881286885902,True,탐색 ~2022,2021
2021-03-18,6,-0.09334840144799576,,0.02296988840626416,0.0,0.027520877458600435,True,탐색 ~2022,2021
2021-04-01,10,-0.0168856833811414,,0.0212585162313442,0.0,0.03420433118190713,True,탐색 ~2022,2021
2021-05-14,10,0.034478369212483304,,0.005777019931777424,0.984,0.011194534991253224,True,탐색 ~2022,2021
2021-06-28,5,-0.013780610865902519,-0.05924367838874979,0.0017996809924927266,0.076,0.0180189793929737,True,탐색 ~2022,2021
2021-07-27,6,-0.01202126026341621,-0.029841552802516227,0.011734817513694342,0.045,0.006823134308361789,True,탐색 ~2022,2021
2021-08-10,7,0.0010020448239312142,,0.0013409699379195578,0.489,0.009350619575270835,True,탐색 ~2022,2021
2021-08-24,6,-0.008572062812579327,,-0.0013719357543670635,0.244,0.006113785169894692,True,탐색 ~2022,2021
2021-09-08,6,-0.03599552492967321,-0.028821599103082504,-0.02285649080774451,0.166,-0.025376559634769036,True,탐색 ~2022,2021
2021-09-22,8,0.03576125424504642,-0.04819414201478685,-0.0052676582377459355,0.987,-0.011254060158419454,True,탐색 ~2022,2021
2021-10-06,6,0.033399996734809534,0.031189657076092628,0.028386386469763786,0.658,0.03198048802176445,True,탐색 ~2022,2021
2021-10-20,7,0.05195534917713786,0.009342644472181917,0.014546320974137291,0.972,0.02866532813748246,True,탐색 ~2022,2021
2021-11-03,10,-0.012388941298940125,,0.003524699882784939,0.107,0.005973907307951221,True,탐색 ~2022,2021
2021-12-02,10,0.005464373765639886,,0.022173321477119857,0.135,0.015854887166851572,True,탐색 ~2022,2021
2021-12-16,7,0.021081895128328032,0.0579850538267066,0.02847667280841385,0.245,0.029054081196389303,True,탐색 ~2022,2021
2022-01-31,6,-0.03188144050852432,,-0.017031658879255854,0.204,-0.025872086804506922,True,탐색 ~2022,2022
2022-03-01,9,0.025494610704366233,-0.021629333308158652,-0.006310068692434566,0.965,-0.014339716415937231,False,탐색 ~2022,2022
2022-03-15,10,0.06027999194126051,,0.05880284580385485,0.534,0.07698222017144118,False,탐색 ~2022,2022
2022-03-29,10,-0.040893859575219516,,-0.033287044494808446,0.355,-0.047899402497489474,True,탐색 ~2022,2022
2022-04-27,8,-0.06656064841819981,-0.08225231250864207,-0.06529966380657697,0.474,-0.06995192140290529,False,탐색 ~2022,2022
2022-05-25,7,0.02183276506171193,,-0.005092615110928948,0.952,0.006948157900454444,False,탐색 ~2022,2022
2022-06-24,10,-0.027869827042727967,,-0.019047228181145542,0.249,-0.017440258765815897,False,탐색 ~2022,2022
2022-09-06,5,-0.03379750486821307,,-0.01381968698673276,0.083,-0.012197205809050704,False,탐색 ~2022,2022
2022-10-04,10,0.020446749187912873,,-0.008661753165038193,0.982,-0.006052609721002744,False,탐색 ~2022,2022
2022-10-18,8,0.06209701394511649,,0.05999081583663152,0.549,0.04208794384331016,False,탐색 ~2022,2022
2022-11-01,8,0.06305277736962916,0.06718543413073665,0.04522416623607087,0.8,0.03800471334573663,False,탐색 ~2022,2022
2022-11-15,8,0.055813804097845254,,0.02681353825471381,0.988,0.027470947473573704,False,탐색 ~2022,2022
2022-11-30,9,-0.00917243422355845,,-0.023464636526094016,0.903,-0.022922168447068625,True,탐색 ~2022,2022
2022-12-29,10,0.11552028780295498,,0.0537149064635631,0.998,0.046920930518108195,False,탐색 ~2022,2022
2023-02-13,7,-0.07018851203789363,,-0.03740441176962661,0.002,-0.03642638086331096,True,검증 2023~,2023
2023-03-14,9,0.015759121350661917,,0.0153746920571561,0.512,0.02907504673875172,True,검증 2023~,2023
2023-03-28,6,0.008420073675554142,0.013934824589836284,0.02034496031098239,0.133,0.02030333356486902,True,검증 2023~,2023
2023-06-08,6,-0.006404758712975483,,-0.0016965235139288475,0.373,0.011301483891714481,True,검증 2023~,2023
2023-07-10,8,0.0357642820382538,,0.026283408797138568,0.775,0.03121810734724617,True,검증 2023~,2023
2023-08-07,10,-0.03223669696001561,,-0.02807660644489292,0.351,-0.019505478062027737,True,검증 2023~,2023
2023-08-21,7,-0.007173790171475646,,0.00579821942523613,0.121,0.018269184601866773,True,검증 2023~,2023
2023-10-17,6,-0.042453848430174544,,-0.040284418008145834,0.452,-0.036827051420031065,True,검증 2023~,2023
2023-10-31,10,0.0827825167677218,,0.06237899899652579,0.858,0.07044369669090722,False,검증 2023~,2023
2023-11-14,10,0.019456011016600397,,0.013297594660078255,0.69,0.00999753672480086,True,검증 2023~,2023
2023-11-29,10,0.05221537444766598,0.06746466856577875,0.049499654552700376,0.565,0.03297612945806927,True,검증 2023~,2023
2023-12-13,10,0.02597118135032729,,0.01052596180780151,0.911,0.012957953121676136,True,검증 2023~,2023
2024-02-12,5,0.04680140744665236,,0.025166826089079088,0.947,0.02507428827865721,True,검증 2023~,2024
2024-02-27,6,0.011713495430044095,,0.026781468378693125,0.109,0.02265863705169746,True,검증 2023~,2024
2024-03-12,6,0.016871851961876093,,0.0008910262157840038,0.904,0.006404834918003699,True,검증 2023~,2024
2024-03-26,6,-0.02519659160870602,,-0.015369086040087618,0.218,-0.014548414168256918,True,검증 2023~,2024
2024-04-24,8,0.013308851103770019,0.017713838228829132,0.015377208791490552,0.455,0.036079300542675385,True,검증 2023~,2024
2024-05-08,6,0.02959898439790659,,0.015007750797209698,0.817,0.024063458724557396,True,검증 2023~,2024
2024-05-22,5,0.013836927587335837,0.04305910562643182,-0.015347505366966578,0.973,0.0031895730599771355,True,검증 2023~,2024
2024-06-06,5,-0.02299823085535957,,0.008283415631513892,0.009,0.023623217324085566,True,검증 2023~,2024
2024-07-08,6,-0.019824527018326488,,0.03326951997993299,0.002,-0.0028941557547598196,True,검증 2023~,2024
2024-07-22,7,-0.06157802376142496,,-0.043233336248521166,0.22,-0.06701027160688411,True,검증 2023~,2024
2024-08-19,6,-0.011600791621261892,,0.007786027708766704,0.146,-0.012644175612739006,True,검증 2023~,2024
2024-09-17,6,0.05841179169782188,,0.011195120093299413,0.993,0.011750340905380297,True,검증 2023~,2024
2024-10-01,9,-0.016836975341850934,,0.012953573311451062,0.016,0.02126072513817623,True,검증 2023~,2024
2024-10-15,5,-0.02783396128945568,0.006132603086930994,-0.014591644508278228,0.176,0.0034322267818664987,True,검증 2023~,2024
2024-10-29,8,0.05568313934043044,0.020744784932625514,0.02960188092321129,0.868,0.026854153551737925,True,검증 2023~,2024
2024-11-12,6,0.02153827832486349,-0.0062704398086098605,0.016842378972458882,0.622,0.005490859672410364,True,검증 2023~,2024
2024-11-26,5,-0.055101779687185215,-0.007492898058859626,-0.024481212975557453,0.012,0.01165787537629992,True,검증 2023~,2024
2025-01-13,7,0.017919534750628067,0.02864065016142111,0.032884227361289604,0.171,0.034499446731431904,True,검증 2023~,2025
2025-01-28,9,-0.011858243143936697,,-0.003912979643903306,0.334,0.002633803937987622,True,검증 2023~,2025
2025-02-11,9,0.013393972004008284,0.023521976417470933,0.005225948749719513,0.677,-0.007777116975574372,True,검증 2023~,2025
2025-02-26,6,-0.09677699352538038,-0.04601223245574324,-0.04957018124114078,0.015,-0.06363387569098122,True,검증 2023~,2025
2025-04-09,10,0.050343738111415404,,0.03430753583650787,0.829,0.027284760608138336,False,검증 2023~,2025
2025-04-24,9,0.02581880183333264,0.021453599535507725,0.030564896780644776,0.387,0.03367803050381979,False,검증 2023~,2025
2025-05-08,10,-0.006037282995682723,0.02608859568178834,0.009453329365206289,0.137,0.029321565191705368,False,검증 2023~,2025
2025-06-06,8,-0.03228380460136998,,-0.001689426160195288,0.002,0.003675520309035729,True,검증 2023~,2025
2025-06-23,8,0.04772446197363847,0.10016055447615373,0.026013891859772834,0.931,0.02649216216192274,True,검증 2023~,2025
2025-07-08,7,-0.006067878040632499,,0.004642705464774396,0.212,0.009778886685999133,True,검증 2023~,2025
2025-07-22,9,-0.008284890641820608,0.02717512906071503,-0.020475914510984183,0.727,-0.005668607673477211,True,검증 2023~,2025
2025-08-05,5,-0.03076655056950548,0.009209687937234892,0.01592006594360745,0.0,0.01710521572410295,True,검증 2023~,2025
2025-08-19,6,0.02084064378456106,-0.012671453779566487,-0.0016628071532995043,0.954,0.00678754539121984,True,검증 2023~,2025
2025-09-03,5,0.06333408186257805,,0.0023895194614915534,0.994,0.022904338841501115,True,검증 2023~,2025
2025-10-01,10,-0.05268023350486197,,-0.007847448335023453,0.001,-0.007875190024277834,True,검증 2023~,2025
2025-10-15,8,0.0014130526580072179,-0.020582279535055474,-0.008222062863454909,0.69,0.030847905370155804,True,검증 2023~,2025
2025-10-29,6,0.011204325632673985,-0.016645994203966542,0.013834742878353332,0.453,-0.0007603007312071419,True,검증 2023~,2025
2025-11-12,6,-0.0012651991064546527,,0.003320036202949302,0.37,-0.0012049121089212633,True,검증 2023~,2025
2025-11-26,7,0.041846676970888,,0.018323438384914483,0.87,0.012205128451450165,True,검증 2023~,2025
2025-12-11,10,0.01180014218986616,,-0.004193076858583326,0.915,0.0060737942502198106,True,검증 2023~,2025
2026-01-12,5,0.08134307728285553,-0.055742679457224754,0.001451847097151145,1.0,-5.332045505124228e-08,True,검증 2023~,2026
2026-01-27,7,0.01297468205754447,-0.03136034852130774,0.018414471182312805,0.429,-0.007072567421189557,True,검증 2023~,2026
2026-02-10,9,-0.0006919901823051696,0.010652221292428453,-0.005918251997788651,0.588,-0.004652453678740565,True,검증 2023~,2026
2026-02-25,5,-0.04398549918255472,-0.002875041070176019,-0.038378390628966426,0.39,-0.024449003972340733,True,검증 2023~,2026
2026-03-11,8,-0.021876664242383492,,-0.012086851435658078,0.275,-0.018693177480199608,True,검증 2023~,2026
2026-03-25,10,0.005363430372968993,,0.03262308849969196,0.074,0.04271069997518895,False,검증 2023~,2026
2026-04-09,6,0.0159955700715815,0.05641404454301305,0.015963468124866036,0.5,0.03981976851819269,True,검증 2023~,2026
2026-04-23,9,0.003518498481734012,0.014349044163835966,-9.814551708722081e-05,0.55,0.029307157308689158,True,검증 2023~,2026
2026-05-07,10,0.00894303292580604,,-0.003093705734631445,0.736,0.010599632370778878,True,검증 2023~,2026
2026-05-21,8,0.016740260338046944,0.008198997915113861,0.0072635451517992795,0.682,-0.011645056753737615,True,검증 2023~,2026
2026-06-05,5,0.005685504937283971,0.017617518833468036,0.0015742048371542102,0.564,0.003965471615754446,True,검증 2023~,2026
2026-06-22,7,-0.055495136614488745,0.058025639905331564,0.03050669456245248,0.001,0.018942304659120168,True,검증 2023~,2026
2026-07-07,5,-0.044373481265608736,,-0.004150245683224472,0.019,0.0068895648987998825,True,검증 2023~,2026
2026-07-21,5,0.018736252349922822,0.05542441981341488,0.030853948093194188,0.29,0.03309582967096114,True,검증 2023~,2026
2026-08-04,8,-0.007606957992218359,-0.03921111308986537,-0.0052281797413790115,0.443,-0.010826785439416398,True,검증 2023~,2026
2026-08-18,5,-0.008681466530594161,,-0.02252735800517005,0.771,-0.011137549783228118,True,검증 2023~,2026
2026-09-01,6,-0.04463004154404374,-0.0009636806171606765,-0.027653284841485996,0.121,-0.011017138410099547,True,검증 2023~,2026
