month,spy,ew,spy_ok,period,S1 12−1 모멘텀|10,S2 성장 (EPS)|10,S3 저변동성|10,S4 조합|10,S5 조합+국면 스위치|10,S6 조합+월중 −10% 손절|10,S1 12−1 모멘텀|20,S2 성장 (EPS)|20,S3 저변동성|20,S4 조합|20,S5 조합+국면 스위치|20,S6 조합+월중 −10% 손절|20,S1 12−1 모멘텀|50,S2 성장 (EPS)|50,S3 저변동성|50,S4 조합|50,S5 조합+국면 스위치|50,S6 조합+월중 −10% 손절|50
2016-07-01,0.03680502140655206,0.040123350531706105,True,탐색 ~2022,0.09808619347794505,0.06466098416113389,0.06525078385432001,0.012298553379318624,0.012298553379318624,0.012298553379318624,0.09335458229472848,0.06404180452553801,0.033485386625489943,0.02564271887133515,0.02564271887133515,0.02564271887133515,0.07568299625379596,0.054226726654271334,0.01623958156914801,0.03842475163320503,0.03842475163320503,0.03725258679003451
2016-08-01,0.0008289329311197413,0.002568982399013344,True,탐색 ~2022,0.04889425623805429,0.015550320176687405,-0.02469812046111014,0.03048079272571693,0.03048079272571693,0.03048079272571693,0.051535816678983104,0.011055542565711748,-0.024460161719900973,0.0018418254376274608,0.0018418254376274608,0.005292163954552911,0.05621426257195562,0.01483383883389223,-0.03122769245840086,0.012782172648553695,0.012782172648553695,0.010512040651200222
2016-09-01,-0.0021149877383708215,-0.004805903551377066,True,탐색 ~2022,0.030663642743202477,0.01379486379761479,-0.007549272993011456,-0.025086860785010975,-0.025086860785010975,-0.021732547777263488,0.020838612932386334,2.8886987072414792e-05,-0.008524657920001882,-0.019756527137388784,-0.019756527137388784,-0.018079370633515036,-0.005482118324973501,0.006032988554464764,-0.013043693208261773,-0.009919243322063336,-0.009919243322063336,-0.009838956540379376
2016-10-03,-0.01339110739669147,-0.018479582921302563,True,탐색 ~2022,-0.011805925572225083,0.03199751612818008,-0.00981030160758267,-0.021838397023735308,-0.021838397023735308,-0.021838397023735308,-0.01728470528894279,0.004853505514877745,-0.016692867059676292,-0.013805156229331626,-0.013805156229331626,-0.012646955196613794,-0.0017298413808447882,-0.013690555481670535,-0.015799247995270493,-0.004583648464427459,-0.004583648464427459,-0.004173722041542356
2016-11-01,0.03663194161108274,0.04591228097551259,True,탐색 ~2022,0.11365866232632309,0.11673923080903252,0.03214874441764548,0.041308220513720684,0.041308220513720684,0.041308220513720684,0.10039538387384539,0.07544452352341678,0.02542794172578447,0.041532957196104184,0.041532957196104184,0.03541904691647087,0.08878178831021538,0.06251824232321615,0.03542219602934779,0.05118930570602071,0.05118930570602071,0.04833730916113392
2016-12-01,0.0255353775802849,0.020516845346710888,True,탐색 ~2022,0.0065172977761316486,0.030368189907796272,0.027241298011375148,0.027912093914980084,0.027912093914980084,0.027912093914980084,0.021317822973945445,0.03045452058937878,0.022730108216739722,0.024711567364397717,0.024711567364397717,0.024711567364397717,0.021729562734966068,0.029055414687500905,0.016184645191497683,0.02376445727186357,0.02376445727186357,0.02376445727186357
2017-01-03,0.011064482745285265,0.020769645810176297,True,탐색 ~2022,0.03434150070038748,0.012688394881891442,-0.00837090565881726,0.009974780539075535,0.009974780539075535,0.009974780539075535,0.02180257240306953,0.017381352383835022,-0.008818765708986303,0.013964233006412927,0.013964233006412927,0.013964233006412927,0.018934718987199117,0.015323029051457023,0.005660627640639279,0.008635219014053083,0.008635219014053083,0.008635219014053083
2017-02-01,0.04773008284377345,0.04189171290140244,True,탐색 ~2022,0.023230522660366862,0.026940850502810823,0.06213795928176544,0.050119535049816234,0.050119535049816234,0.050119535049816234,0.047650556947761345,0.01996415283549933,0.058481161218699895,0.05428096489549763,0.05428096489549763,0.05428096489549763,0.05199086925617623,0.03670317872915572,0.051225834010013405,0.0506187591825457,0.0506187591825457,0.04914131421368957
2017-03-01,-0.006561559055451638,-0.006122033463332732,True,탐색 ~2022,-0.04074519438710069,0.022187904517960266,-0.0066469354321829635,9.108207870934994e-05,9.108207870934994e-05,9.108207870934994e-05,-0.029290625498181982,0.004897943422425934,-0.005653062237313936,-0.009390373962130908,-0.009390373962130908,-0.009390373962130908,-0.009755164605308463,-0.013244657899819988,-0.0036075529501974086,-0.008354951867512811,-0.008354951867512811,-0.008354951867512811
2017-04-03,0.012213774933083954,0.007537767879618204,True,탐색 ~2022,-0.009016882665274239,0.005863126677230835,0.022662789778610574,0.004108951113320138,0.004108951113320138,0.004108951113320138,-0.0016250181466551255,-0.002903186761335695,0.020496685924294857,0.005631677595044189,0.005631677595044189,0.005631677595044189,-0.004393955812934138,-0.0010979227823246433,0.017380959776992798,0.012061478358914452,0.012061478358914452,0.012061478358914452
2017-05-01,0.013784322063109755,0.015029619723084106,True,탐색 ~2022,-0.05403406400211284,0.01978935163052977,0.021628769585795703,0.01268424179683051,0.01268424179683051,0.01268424179683051,-0.023100740182964742,0.0016037345950732878,0.02688855639410387,0.007756397525661292,0.007756397525661292,0.007756397525661292,-0.015869605626044715,0.004858049496710894,0.026362904455743942,0.005601110553648902,0.005601110553648902,0.004435417877535274
2017-06-01,0.008655731660390353,0.010432785463825887,True,탐색 ~2022,-0.00327867635998844,0.03156074293868465,-0.011252481715424255,0.009511525650623333,0.009511525650623333,0.009511525650623333,0.005133824904288555,0.040963097156689464,-0.0105677029606682,-0.0034827515681425153,-0.0034827515681425153,-0.0034827515681425153,0.00556736655092342,0.023714987101415307,-0.007347716742940476,0.0026086426260837634,0.0026086426260837634,0.0026086426260837634
2017-07-03,0.01885713677393408,0.0157323109767726,True,탐색 ~2022,0.02385527834678909,0.010155592957465534,0.004633292784599754,0.013942518931324146,0.013942518931324146,0.013942518931324146,0.0244917158477583,0.024418090753057176,0.010420333558068541,0.01473948291442643,0.01473948291442643,0.01473948291442643,0.014973087881277694,0.002205634253940469,0.016049213855933185,0.007750442500106305,0.007750442500106305,0.00797517593660103
2017-08-01,0.0018588001303854185,-0.004217941517094729,True,탐색 ~2022,-0.008926622761754297,0.010397293011782873,0.017798918898821348,0.0010939321113647388,0.0010939321113647388,0.004594113250272882,-0.021406320686821766,-0.002765139115136815,0.02693048987179745,0.00445141891878816,0.00445141891878816,0.0062015094882422305,-0.020449668383739898,-0.013917092792675405,0.016393052146724346,0.008215570544588722,0.008215570544588722,0.009496667054872322
2017-09-01,0.01943414148021505,0.02407908357977334,True,탐색 ~2022,0.05089395220898767,-0.010382169350113499,-0.022313564992766377,-0.0006479791702116971,-0.0006479791702116971,-0.0006479791702116971,0.04229080798524272,0.013630722514414542,-0.03174430191387219,-0.004631668711991336,-0.004631668711991336,-0.004631668711991336,0.03186140360821079,0.01464534362636369,-0.01294397478836132,-0.002059026842700154,-0.002059026842700154,-0.002059026842700154
2017-10-02,0.02604458999917214,0.024017139664073275,True,탐색 ~2022,-0.01160404916478188,0.007550316506410583,0.022446529663189184,0.012930579300435943,0.012930579300435943,0.012930579300435943,-0.010301288966354814,0.0001860243553755375,0.024602281293147774,0.01661847593823034,0.01661847593823034,0.01661847593823034,-0.018370086950990586,0.010747128081313154,0.026034294741858734,0.004886382870283907,0.004886382870283907,0.005875347734331867
2017-11-01,0.026042295889797007,0.030851387133097458,True,탐색 ~2022,0.12575329142629588,0.024074370998497123,0.0322502897090815,0.03388179401376425,0.03388179401376425,0.03388179401376425,0.09225065708068302,0.046867691113443286,0.03966140451468975,0.033961306580609904,0.033961306580609904,0.033961306580609904,0.05373735907477091,0.0332617341213637,0.03435080035545195,0.037461175888716294,0.037461175888716294,0.037461175888716294
2017-12-01,0.016804320792662697,0.013023361994670317,True,탐색 ~2022,0.017532001477614037,0.020026710176527532,-0.0007326724085817342,-0.0013517014418755063,-0.0013517014418755063,-0.0013517014418755063,0.053465981241685515,0.023922373683720168,-0.007728595690458254,-0.005039757257947823,-0.005039757257947823,-0.005039757257947823,0.0529039576568773,0.015669470408106206,-0.015849899476309312,0.0006405907062055167,0.0006405907062055167,0.0006405907062055167
2018-01-02,0.04939539864855513,0.036271164977888896,True,탐색 ~2022,0.022546152928473166,0.04193034480667288,0.01822344650752522,-0.014666947324919419,-0.014666947324919419,-0.01940976199047343,0.03407378793449057,0.010364174774157428,0.00924723716829401,-0.0017302499943385656,-0.0017302499943385656,-0.005363174820397991,0.03496547541436461,0.006152657519015692,0.009974037094681951,-0.005891861244109856,-0.005891861244109856,-0.007963537163297923
2018-02-01,-0.03436898621226303,-0.04165741366874424,True,탐색 ~2022,-0.10430790276278654,-0.08004590033114223,-0.05395190049972102,-0.07790981010912332,-0.07790981010912332,-0.07784160393509457,-0.08781367676438441,-0.06562378238381757,-0.04758109801046749,-0.0692146859468911,-0.0692146859468911,-0.07285665623915896,-0.07630041311266987,-0.06256655865336001,-0.0370128510420156,-0.061219114871592845,-0.061219114871592845,-0.06594225228976296
2018-03-01,-0.028769990797760436,-0.011947688248513574,True,탐색 ~2022,0.018269288668124564,0.022997577659496414,0.016377093564176583,0.016990928212714106,0.016990928212714106,0.016990928212714106,0.012544987944818528,0.010886881991059529,0.015544107987510226,0.029249261821924513,0.029249261821924513,0.029249261821924513,0.0026292959464775693,-0.002705701991810286,0.009877779401679245,0.015554616310646462,0.015554616310646462,0.015566476836388716
2018-04-02,0.005027688558780996,-0.0017729686403345254,True,탐색 ~2022,0.0752046276402559,-0.0302882880761741,0.00014715197657254753,-0.008434145459066077,-0.008434145459066077,-0.008434145459066077,0.041853339449197544,-0.01851147831473604,-3.87828354966183e-05,-0.0033724564316621056,-0.0033724564316621056,-0.0033724564316621056,0.020185551201494095,-0.0228685243416926,0.002183601977114772,-0.006066673974507429,-0.006066673974507429,-0.005178160315948489
2018-05-01,0.032364486145103344,0.024071597065313408,True,탐색 ~2022,0.0395413652444489,0.029282051615512852,-0.019123258870280123,0.02644658112655717,0.02644658112655717,0.02644658112655717,0.025103971939290114,0.03174012080213672,-0.013726827436839898,0.0006549517892133721,0.0006549517892133721,0.0006549517892133721,0.0014340469763957217,0.008556959766113245,-0.00441628393578492,-0.00045373556803511225,-0.00045373556803511225,-0.001073356317169432
2018-06-01,-0.006203372292016063,-0.006588567531772385,True,탐색 ~2022,0.034552989973436164,0.02154915866471204,0.01881227778702617,0.05314638306018127,0.05314638306018127,0.05314638306018127,0.039659343631523084,0.020725415442596533,0.020671123660404113,0.03624471364422842,0.03624471364422842,0.03624471364422842,0.031737420338402246,0.009671970119599315,0.020153586066186592,0.028451961064258596,0.028451961064258596,0.02933725271804563
2018-07-02,0.04471107087109227,0.03936182176992832,True,탐색 ~2022,0.020615245017029597,0.031364956560501166,0.02203552935602359,0.03170623921151643,0.03170623921151643,0.03170623921151643,0.04241600993487002,0.02330092138468369,0.04063153140211293,0.031850117743253484,0.031850117743253484,0.03165284685596596,0.04362523484722267,0.034725632303182465,0.037731447907333945,0.03574262203059339,0.03574262203059339,0.03566371367567838
2018-08-01,0.02940736938097177,0.021981531405207873,True,탐색 ~2022,0.009441738204762408,0.01418875858422799,0.030344887142284352,0.01578089896530173,0.01578089896530173,0.01578089896530173,0.0036187424623044823,0.0049622570678461006,0.028371099486007502,0.013572092012754325,0.013572092012754325,0.013572092012754325,0.007179145877319973,0.00981323299340059,0.03261781937682282,0.010889127346732709,0.010889127346732709,0.010889127346732709
2018-09-04,0.012394168953610452,0.0063627284936191,True,탐색 ~2022,0.0013989261433548302,-0.04517879603864955,0.016721478797206105,-0.017239948048648153,-0.017239948048648153,-0.017239948048648153,0.017151391654482144,-0.019107005309654666,0.009957459445146406,-0.01069558256508321,-0.01069558256508321,-0.011733006921918119,0.010237978152687066,-0.003453878527641934,0.006945686228925069,-0.0010112901539399881,-0.0010112901539399881,-0.00147245197007909
2018-10-01,-0.07021326462012056,-0.06866443314071392,True,탐색 ~2022,-0.07251267228651871,-0.02374731155266436,-0.04311943587768117,-0.005432780312098116,-0.005432780312098116,0.003783910450643459,-0.05332578190127737,-0.03805863072345206,-0.03982036427818943,-0.004966336541837977,-0.004966336541837977,0.0014836408303643706,-0.05706533946600252,-0.05042327033456986,-0.03835585140732403,-0.028801537306790595,-0.028801537306790595,-0.024878408988907807
2018-11-01,0.031958840869616534,0.04071823069188325,False,탐색 ~2022,0.02475469527677073,0.04716211822447075,0.026658350060350937,0.04778691993409563,0.0,0.05811858071144914,0.03560843018497491,0.05436163855128621,0.04448941014116466,0.05319380716892387,0.0,0.05835963755760062,0.04273740558611409,0.04881172043797308,0.04846033879986723,0.057811936890571236,0.0,0.05987826904604193
2018-12-03,-0.1172527345736063,-0.11406626351828283,True,탐색 ~2022,-0.1383057400041443,-0.12963377424780656,-0.0645111213860727,-0.07194719278400104,-0.07194719278400104,-0.07014872322386317,-0.13491437745363646,-0.1141124336553114,-0.06579169247020485,-0.09539563478377876,-0.09539563478377876,-0.07492613666080561,-0.12895045652338646,-0.10922624872101655,-0.06873129184934476,-0.09180072872643028,-0.09180072872643028,-0.07936713690747883
2019-01-02,0.09825998302241667,0.11074854854985657,False,탐색 ~2022,0.22330437388935614,0.13732187376372662,0.061691204056452786,0.07790403917963462,0.0,0.07790403917963462,0.2044285487991902,0.12688593817785185,0.05522392149583031,0.09121110120775197,0.0,0.08557728544809326,0.17092783429074954,0.12084915928957622,0.0560722544472985,0.0978964240762808,0.0,0.09564289777241734
2019-02-01,0.03809017751202415,0.042471046023583814,False,탐색 ~2022,0.06465429977109502,0.01234865700600504,0.021151763079607422,0.01478138876684716,0.0,0.01984995467842169,0.020753365708636583,0.02087043658562563,0.032299167964866274,0.01933867166536795,0.0,0.02187295462115521,0.04250443506452846,0.023295918515931623,0.032174170551186515,0.024947079920138622,0.0,0.02591540579154087
2019-03-01,0.019662037987921543,0.01216073434719712,True,탐색 ~2022,0.0032959603309128636,0.017752247195218764,0.03548678686403188,-0.006265710409065759,-0.006265710409065759,-0.00865313989431635,-0.016360645967742258,0.007653670917270091,0.029056434844473046,0.0014791170775078485,0.0014791170775078485,0.0006544625227201412,-0.0035776709432412163,0.014178762431774914,0.02377053063981819,0.003907648679843613,0.003907648679843613,0.001614745380038886
2019-04-01,0.035194709912735656,0.027154116964772566,True,탐색 ~2022,0.03203351905749781,0.059240876474600565,0.01230837285457912,0.055775639000771184,0.055775639000771184,0.055775639000771184,0.04415571221108288,0.062286582434351284,-0.0034118681267001553,0.05793423956870695,0.05793423956870695,0.05793423956870695,0.04940449552153605,0.04089420810642369,0.01116550678428187,0.04393254050808191,0.04393254050808191,0.044243996721063474
2019-05-01,-0.06585895001558406,-0.06021800729317738,True,탐색 ~2022,-0.2136167699989746,-0.1196763476126105,0.003496251246743111,-0.055782229731183554,-0.055782229731183554,-0.050520200464700384,-0.1700328432704997,-0.09525934753605869,0.002794700230425719,-0.067451975763372,-0.067451975763372,-0.05459101218946061,-0.13357691671287636,-0.09273924832036096,-0.0015148102625533193,-0.051773945725311486,-0.051773945725311486,-0.03549151057224579
2019-06-03,0.08286301417834774,0.08410515649507627,False,탐색 ~2022,0.15382763273720115,0.16980457369014507,0.04814884416508369,0.06703835552964403,0.0,0.06112289456843992,0.16095650512730253,0.14182673219995293,0.03852978849352381,0.07435449528000693,0.0,0.07139676479940486,0.1467007003124019,0.11486685559620753,0.03920709847320013,0.08081218698638098,0.0,0.07962909479414017
2019-07-01,0.0031008649367969543,-0.0013241169746269392,True,탐색 ~2022,-0.01882279878640262,0.028069740471796223,0.004454155033067998,0.012681227019914433,0.012681227019914433,0.012681227019914433,-0.009957281622546875,0.010268022159425879,0.0008919295005563282,-0.00019664090933956642,-0.00019664090933956642,-0.0012203834999028034,-0.01013110360843462,0.004277554388556035,0.004469680492965179,0.005175656818090657,0.005175656818090657,0.00024064824454723185
2019-08-01,-0.023622200370136404,-0.02452836154424253,True,탐색 ~2022,-0.16962354454965717,-0.0627730037007692,0.03597867818705125,-0.014951010818993913,-0.014951010818993913,-0.022805768491152942,-0.12620607863979647,-0.06303147565956826,0.03320313894267085,-0.0356112320277559,-0.0356112320277559,-0.032588646570966974,-0.09311724260749528,-0.05842031292305802,0.032602128907625504,-0.031443414793521425,-0.031443414793521425,-0.0275882252473844
2019-09-03,0.02940752454936324,0.035222479014662154,True,탐색 ~2022,0.11400611655379352,0.08703633095295944,0.028260171619777508,0.03330819539732396,0.03330819539732396,0.03330819539732396,0.09322646436614432,0.07205894520792959,0.02042748785467509,0.040325053560531496,0.040325053560531496,0.040325053560531496,0.08702577306376111,0.05526586411990661,0.017786657397799305,0.04422021081826955,0.04422021081826955,0.04422021081826955
2019-10-01,0.02411476837144555,0.01282100639148186,True,탐색 ~2022,0.03182231945429723,0.021088764464482948,-0.002943142991388557,0.0061855000331401695,0.0061855000331401695,0.0061855000331401695,0.03598338215010106,0.023690844643345525,-0.0036887031273023655,0.011043038668856755,0.011043038668856755,0.011043038668856755,0.03215363637036962,0.028553976035379937,-0.0029814311515979934,0.01322480109596294,0.01322480109596294,0.0075830583689801955
2019-11-01,0.03171329140462276,0.026074118636152048,True,탐색 ~2022,0.01879899109958979,-0.008980913630092645,-0.036818742239433086,0.02059303744072468,0.02059303744072468,0.02059303744072468,0.03393727152682378,-0.014750009211543605,-0.03345509049526791,0.028898413213691736,0.028898413213691736,0.028898413213691736,0.06335264307369905,0.005556102901161761,-0.026549016672398652,0.01467963091081329,0.01467963091081329,0.0140404697573001
2019-12-02,0.033506093325691655,0.029033272355798438,True,탐색 ~2022,0.1109421688384982,0.11508491646935182,0.01101010287190547,0.020682555179105146,0.020682555179105146,0.020682555179105146,0.09852063620038327,0.06787381481876895,0.0141850653424006,0.021692159823234428,0.021692159823234428,0.021692159823234428,0.050284875346812904,0.04903249317932411,0.014154214606492526,0.018275524176070868,0.018275524176070868,0.018275524176070868
2020-01-02,-0.0005874671149869171,-0.010116934010895917,True,탐색 ~2022,-0.0789712571375065,-0.03107134083820917,0.011749067500879153,0.010214294564575834,0.010214294564575834,0.010943123666721045,-0.0662347251875888,-0.038969112928579776,0.031118996970896,0.02171409395069946,0.02171409395069946,0.023215918587696102,-0.04977450943317286,-0.05516955957599287,0.02736904554622415,0.006724474859800459,0.006724474859800459,0.008171662674781996
2020-02-03,-0.07774842458135212,-0.08684764893007813,True,탐색 ~2022,-0.14301208102786084,-0.12052350280385767,-0.08169506562702392,-0.08288523242169496,-0.08288523242169496,-0.07654816220077437,-0.08259751551359541,-0.11236281482531281,-0.09034441605975149,-0.07448576096233046,-0.07448576096233046,-0.07167377672592753,-0.09011250545884701,-0.10198049956506623,-0.09230325519127569,-0.08362991444521954,-0.08362991444521954,-0.08417738593077081
2020-03-02,-0.16354842345163367,-0.21000700823078963,False,탐색 ~2022,-0.41457209309315,-0.4505579391359963,-0.11067864281378478,-0.10275292300041232,0.0,-0.08864885826415367,-0.35046437482472786,-0.30356358437785047,-0.13286266956281478,-0.13255863573861199,0.0,-0.08906629020641192,-0.3206913482188056,-0.23938645321165175,-0.1371497824636022,-0.17140989605168266,0.0,-0.0921321935421353
2020-04-01,0.15053628252844353,0.15958604031515128,False,탐색 ~2022,0.41794931166428245,0.23170375069792107,0.11214884326346328,0.10952472765879435,0.0,0.10952472765879435,0.3229348600630849,0.16404068804121436,0.13374738206248127,0.09592402505372392,0.0,0.09592402505372392,0.2757532416069829,0.16233276479141542,0.12992140860710957,0.13516659292800146,0.0,0.12812557239171327
2020-05-01,0.0641758150151921,0.07340385770238163,False,탐색 ~2022,0.01814654978771261,0.045789850297286695,0.04514671299074167,0.09294441807347442,0.0,0.0774543058837244,0.05165099470238739,0.0764869251231414,0.05078648635729781,0.08457041114976895,0.0,0.049126662775301796,0.07991578153758193,0.06968833818516573,0.05386321504106083,0.07208764098206134,0.0,0.02607572221693715
2020-06-01,0.02408380660649212,0.011218599672203214,True,탐색 ~2022,0.18161988597250459,-0.035993358174915537,0.014369508878250526,0.006969221924919623,0.006969221924919623,0.006476313210783482,0.12544764032404934,0.010270272395213045,-5.367773905532824e-05,-0.004841479725780705,-0.004841479725780705,-0.013414771125098117,0.0639891061282177,0.01961089700706084,0.007078836415615209,0.013731015345460023,0.013731015345460023,0.007808239616541561
2020-07-01,0.060567785668094176,0.04356320170654274,True,탐색 ~2022,-0.10695821489497778,-0.03364462262773425,0.05661816525826291,0.07078126691955153,0.07078126691955153,0.07078126691955153,-0.054235586630289156,-0.032934525832171796,0.07601160879255617,0.06602547905227296,0.06602547905227296,0.06602547905227296,-0.023343060841183823,0.0037909028203577926,0.07474314951616917,0.02265727890191469,0.02265727890191469,0.027313589461209715
2020-08-03,0.0666726097553565,0.0394725773930497,True,탐색 ~2022,0.11750800074714496,0.17438706849547717,0.04202886580603071,0.03971938325034423,0.03971938325034423,0.03920214380500174,0.09781233492050205,0.11208455142886127,0.026149262192369342,0.03323796116138564,0.03323796116138564,0.032979341438714393,0.0789800519213234,0.0737486789660913,0.026168306514717327,0.055229111358711884,0.055229111358711884,0.05605096755589917
2020-09-01,-0.03188987114419328,-0.015484360506334062,True,탐색 ~2022,-0.05372911504444035,-0.03533247853398691,-0.017883724543948862,-0.005751471514947702,-0.005751471514947702,-0.005751471514947702,-0.03700580111044195,-0.006374456877129956,-0.010867148126275598,-0.007350452379291615,-0.007350452379291615,-0.007350452379291615,-0.040311490398216535,-0.009853827041720827,-0.011797063891981673,-0.020380345495702806,-0.020380345495702806,-0.023815606630951676
2020-10-01,-0.02218025399141277,-0.003769781171374914,True,탐색 ~2022,-0.054702660373773304,-0.011110179996920398,-0.033546514314972,0.00080603806906331,0.00080603806906331,-0.0020648975540196383,-0.015701789391357693,0.021886038274668444,-0.033193484757348825,0.0016072540032187463,0.0016072540032187463,0.00017178619167727187,-0.004551033116463604,0.03256558367036436,-0.023393904826294935,0.00044556662095537056,0.00044556662095537056,-0.0012483572804609239
2020-11-02,0.10711681070738077,0.13976324517606087,True,탐색 ~2022,0.46915946412373716,0.3609576118241492,0.04520207755148211,0.08772763658100152,0.08772763658100152,0.08312299313289989,0.4183772387046061,0.3506284549500837,0.05107449232591308,0.08411828871755402,0.08411828871755402,0.08219045007299428,0.32131283383595294,0.24017000669304703,0.05165179049633365,0.143666605869065,0.143666605869065,0.1428954704112411
2020-12-01,0.031019672037104984,0.027239471051203924,True,탐색 ~2022,0.06468873323771944,0.05554467590874157,0.0043745198385050435,0.023148698098603815,0.023148698098603815,0.023148698098603815,0.04853040567423299,0.053571169707813726,0.0016715303495161557,0.0203156040517952,0.0203156040517952,0.0203156040517952,0.033293848752148955,0.04322527084980309,0.005818864536811647,0.020569197269335378,0.020569197269335378,0.020569197269335378
2021-01-04,-0.004236504574098188,-0.009841587554557017,True,탐색 ~2022,0.013420756607821062,-0.05143566974999845,-0.030137643084456163,-0.004049820327788188,-0.004049820327788188,-0.004049820327788188,0.003441321275701,-0.03232341571334458,-0.0333324609320251,-0.005636311911874213,-0.005636311911874213,-0.005636311911874213,-0.006812918159647676,-0.018690176395806814,-0.027760896852022876,-0.011327812522513343,-0.011327812522513343,-0.011116647009104506
2021-02-01,0.031761619005213015,0.06319111265719674,True,탐색 ~2022,0.2825415502390781,0.2997820246650946,-0.01899789669547309,-0.014929968827185912,-0.014929968827185912,-0.014929968827185912,0.2553988260718902,0.23414023859849267,-0.017540019634778074,-0.007810035125126761,-0.007810035125126761,-0.00826664525891414,0.1612096055743341,0.14961976638090846,-0.013620224243058247,-0.006803496581749127,-0.006803496581749127,-0.009134930467263007
2021-03-01,0.036605695722248255,0.04847965557744969,True,탐색 ~2022,0.01772848261846912,-0.01233775302701453,0.08537693602265425,0.08717460178870526,0.08717460178870526,0.08717460178870526,0.03883591602649204,-0.0019873388700439513,0.0774272977080461,0.09643786073784752,0.09643786073784752,0.09643786073784752,0.046585144054702925,0.031004715196862383,0.08474408453831259,0.08104359001624138,0.08104359001624138,0.08104359001624138
2021-04-01,0.0527864795141848,0.049188730207291954,True,탐색 ~2022,0.023501227410882744,0.01791268710293619,0.02767742726445447,0.048537739003676396,0.048537739003676396,0.048537739003676396,0.03575537246329005,0.031963355336733605,0.028860781290385253,0.05536747631529496,0.05536747631529496,0.05536747631529496,0.03579421968313305,0.046006114520624024,0.04663449740552194,0.039728023859450456,0.039728023859450456,0.03887703933546756
2021-05-03,0.007486206575480825,0.020273241905853688,True,탐색 ~2022,0.03612452342718982,0.02949239070696156,0.011180767632106937,-0.004566786835558188,-0.004566786835558188,-0.004566786835558188,0.014995794832928436,0.011380526673646758,0.006777261505839523,1.672739223425746e-05,1.672739223425746e-05,1.672739223425746e-05,0.015550783579208962,0.01986995147780895,0.0019456634988732529,0.00043108526397532543,0.00043108526397532543,0.00043108526397532543
2021-06-01,0.018229358606821178,-0.004045844807286564,True,탐색 ~2022,0.03364217896760863,-0.058597483206353294,-0.023758122726643537,-0.016399489982534897,-0.016399489982534897,-0.016399489982534897,0.02146104377174985,-0.02679461511883721,-0.020427108496457826,-0.01308764208921013,-0.01308764208921013,-0.01308764208921013,0.007754664393129629,-0.019197174532446445,-0.01585018114675653,-0.012653003776396884,-0.012653003776396884,-0.013867285052780096
2021-07-01,0.02674462839017222,0.015494758603189574,True,탐색 ~2022,0.024188135644937048,-0.035169157345940526,0.023054261472701454,0.006135003854771861,0.006135003854771861,0.006135003854771861,0.01575024549838607,-0.011286335037545395,0.033753854513968104,0.01807855917622308,0.01807855917622308,0.01807855917622308,0.01973963009743418,-0.008215594814780567,0.03421248330595505,0.028980597777585472,0.028980597777585472,0.028980597777585472
2021-08-02,0.027751215555518183,0.020402410376334987,True,탐색 ~2022,0.020406328487241956,0.04187907421899795,0.012240793878674196,-0.010984627146058865,-0.010984627146058865,-0.010984627146058865,0.018421265839658633,0.02966306434427652,0.013966653093924022,-0.006827759991824226,-0.006827759991824226,-0.006827759991824226,0.0028177277505548118,0.013812529587986228,0.0067959907760100635,0.004435279886356611,0.004435279886356611,0.004700058417920563
2021-09-01,-0.04463328930790145,-0.03793080563367476,True,탐색 ~2022,-0.052860757705240916,-0.03203273512691996,-0.03930829636364329,-0.024715944184141955,-0.024715944184141955,-0.024845358621753667,-0.04575350629539252,-0.04748739442699341,-0.048673656062254544,-0.02955206656850201,-0.02955206656850201,-0.029616773787307864,-0.04204303096526805,-0.04099404763943018,-0.05570247111653468,-0.050753228239679454,-0.050753228239679454,-0.0510759104698479
2021-10-01,0.06803088525387135,0.0513949687062445,True,탐색 ~2022,0.008790772033172757,0.016908593268251594,0.04699202414977386,0.022397126147782588,0.022397126147782588,0.022397126147782588,0.013640330124792767,0.03890456821562331,0.05121337671127839,0.03547000368219611,0.03547000368219611,0.03547000368219611,0.028261821927512906,0.0520674681909959,0.04487956993047722,0.034955424215829735,0.034955424215829735,0.035462673080493834
2021-11-01,0.00291106496202298,-0.013426471207096601,True,탐색 ~2022,0.0009670934129093608,-0.00012972134396816814,-0.017938101842678918,0.007697867937491144,0.007697867937491144,0.007697867937491144,-0.013727349065927328,-0.012690830386364331,-0.013649969907939789,-0.002011282775708743,-0.002011282775708743,-0.002011282775708743,-0.0021784956503512493,-0.020638298437421466,-0.012458678396264534,-0.013345798884716409,-0.013345798884716409,-0.013602130839386866
2021-12-01,0.03538107593058215,0.05309629642221388,True,탐색 ~2022,0.07684781839012944,0.08234515975300272,0.08001677895053996,0.08861516048311899,0.08861516048311899,0.08861516048311899,0.07458845333783942,0.07730384630720219,0.08274542845678289,0.09264503617262602,0.09264503617262602,0.09264503617262602,0.07859209852391971,0.08102699512080416,0.07729353327602935,0.0829688836491458,0.0829688836491458,0.0829688836491458
2022-01-03,-0.05378944974535593,-0.04362383863889714,True,탐색 ~2022,0.03638369454792569,0.00035115116169640763,-0.006592162440585357,-0.018507015676029248,-0.018507015676029248,-0.021097040117806908,-0.004236587946978797,0.011380717868342402,-0.018559906792341686,-0.012495699395797037,-0.012495699395797037,-0.014817932325009624,-0.0014335090265609313,-0.016833124587040775,-0.028726090348248384,-0.010856168462355131,-0.010856168462355131,-0.011068393546055596
2022-02-01,-0.034703104670856466,-0.01865975985359357,True,탐색 ~2022,-0.10656022501969811,-0.04243150508758543,-0.013564282572943474,-0.03550706324105094,-0.03550706324105094,-0.03562624372877414,-0.057661980458363016,-0.02926699530535476,-0.017645155223978214,-0.041588090594899436,-0.041588090594899436,-0.038770347104901445,-0.03477403122105092,-0.03426883180694383,-0.022837557993425718,-0.03249768693983759,-0.03249768693983759,-0.0303858559965587
2022-03-01,0.04523321386465007,0.038327432886151,False,탐색 ~2022,0.02930644741963915,0.09371922922202207,0.05852468289364796,0.04293505009317873,0.0,0.04293505009317873,0.021623472182818272,0.06636768428846243,0.0630254593907606,0.04672194313670104,0.0,0.03818543958348784,0.01777343925481275,0.05310731320324508,0.06253832254550881,0.05225539100365448,0.0,0.04484566306123509
2022-04-01,-0.0909752046191451,-0.06820135124677956,True,탐색 ~2022,-0.1373208469776746,-0.03879838226609524,-0.01690669252452561,-0.006004984740432527,-0.006004984740432527,-0.006004984740432527,-0.07789555860548586,-0.034120352529852585,-0.006081145858044167,-0.018277739530893275,-0.018277739530893275,-0.013462364382422024,-0.09005124143230135,-0.02909480770689373,-0.008150463055102777,-0.015995888049418466,-0.015995888049418466,-0.014010628786450683
2022-05-02,0.0075228394934951925,0.012055825850920538,False,탐색 ~2022,-0.042125258642086674,0.03091123020267371,0.014448534659320845,0.0372146792902178,0.0,0.03173738525391645,-0.013895706085542041,0.02240146310320268,0.0060366069282009015,0.03214482318958577,0.0,0.025334275712114378,0.017583051967305335,0.008360407415710727,0.015612810662896761,0.01889203590221126,0.0,0.012504954920754948
2022-06-01,-0.08908011983676845,-0.09662052627494766,False,탐색 ~2022,-0.16264075829451075,-0.08966138451070323,-0.04464194570775204,-0.07605599778675314,0.0,-0.07462357847759178,-0.14511222553405095,-0.07661105642804542,-0.048457706039574194,-0.06430634772938333,0.0,-0.07700151881102432,-0.13943823953194873,-0.08576296076352055,-0.05838703463849032,-0.06812215425770593,0.0,-0.08284957994541474
2022-07-01,0.08654666507928344,0.07895243482834938,False,탐색 ~2022,0.1311633528164841,0.08459549438809881,0.01596980686676082,0.05335160063699418,0.0,0.05335160063699418,0.12719288561329356,0.07682698754157505,0.024194120602053573,0.03758142133041681,0.0,0.03603201875000846,0.12121626293847103,0.07222374448372938,0.027070022009092365,0.06717075524934912,0.0,0.06600489088304823
2022-08-01,-0.0397406042139975,-0.03415070792122496,False,탐색 ~2022,-0.029711028248527928,-0.04805249081118231,-0.02471468199918605,-0.045102852022490245,0.0,-0.0398768014926837,-0.0623144935833128,-0.05758410944293113,-0.01865621651953523,-0.03388688977121786,0.0,-0.030605647747073313,-0.047702973330167146,-0.042093907097653045,-0.01910861631330999,-0.04469102622905226,0.0,-0.042204160770682966
2022-09-01,-0.0771891557859381,-0.07497047911418755,False,탐색 ~2022,-0.1118004170866765,-0.06348865690685813,-0.05919984173804802,-0.07714934530910497,0.0,-0.07047196010045165,-0.10888951847827195,-0.07788860088965491,-0.047553707824110864,-0.06859060528828788,0.0,-0.06272407260554344,-0.0915007434289808,-0.07856459613684595,-0.06351096065772174,-0.07125416494080737,0.0,-0.06558298736530867
2022-10-03,0.08048097870875304,0.09333372205265435,False,탐색 ~2022,0.1499680552947819,0.08633214562914919,0.062151356851100764,0.07248965127851606,0.0,0.07248965127851606,0.11726440844094695,0.07028046604530994,0.07487200020525628,0.08016769073658013,0.0,0.07235468170633239,0.11291884925170098,0.0633479213762247,0.09874542210357934,0.08681263281174816,0.0,0.08005351854233683
2022-11-01,0.04775174453357689,0.06399239677394072,False,탐색 ~2022,0.04680589786962266,0.05603252665134382,0.049972629631002276,0.03890994716371269,0.0,0.026766767285095708,0.047766518864120165,0.09154234186919653,0.03952775198527105,0.06873194148652104,0.0,0.05544436132257611,0.07195794690977342,0.07894961907917106,0.04152872197076379,0.07051853282537007,0.0,0.042732189501962246
2022-12-01,-0.055373186158181986,-0.047811025191711175,True,탐색 ~2022,-0.03525953447554114,-0.07471390223925353,-0.013337197147172906,-0.02013337613037893,-0.02013337613037893,-0.02013337613037893,-0.05024246320545585,-0.06093300813824325,-0.02630186505254576,-0.026927271980640037,-0.026927271980640037,-0.02889940298063467,-0.0714314887774632,-0.05020663241874545,-0.025489416869814985,-0.03947657901131572,-0.03947657901131572,-0.038737798280956456
2023-01-03,0.05421850002100692,0.059195380154664974,False,검증 2023~,0.23350572830138164,0.1997523727428534,-0.033006009606039485,0.02701431093057923,0.0,0.02468369084850839,0.22955845289460153,0.1823303360358764,-0.019325968772894206,0.041562760934851915,0.0,0.040397450893816494,0.15677928928606757,0.1068727872171939,-0.014494755744363375,0.06984974465734799,0.0,0.06917330243666404
2023-02-01,-0.024185028913977002,-0.03127702772170822,True,검증 2023~,0.031163373455210627,-0.01066365789234893,-0.02256869346786803,-0.0700365198485724,-0.0700365198485724,-0.061503466042045006,-0.0052940808629760895,-0.036346489571257086,-0.024684606011518596,-0.049095691838779064,-0.049095691838779064,-0.045248650889976816,-0.02819293185285162,-0.03829943485495019,-0.022976787595730713,-0.0385242726081707,-0.0385242726081707,-0.036109886315773256
2023-03-01,0.03793654504689581,0.003049256277210413,True,검증 2023~,0.024507964391937087,0.015074808023476294,0.04658312656642538,0.0009148458588955763,0.0009148458588955763,-0.014829596188446946,0.015544933243373029,-0.012014938573387543,0.04159225495154472,-0.02375806730105063,-0.02375806730105063,-0.025675442683247167,0.006007143838525951,0.005490115952132435,0.02161767864690061,-0.011786518530297583,-0.011786518530297583,-0.009780166042946983
2023-04-03,0.016191514730437895,0.0037794878722951673,True,검증 2023~,-0.03698106494724671,-0.036481124466385816,0.029052308231697542,0.028101342771331007,0.028101342771331007,0.028101342771331007,-0.004822273941399023,-0.021372364035609027,0.03867034071175461,0.027337305289773295,0.027337305289773295,0.02511247664451509,0.0038479971476851754,-0.0016490915433738378,0.024915052436333858,0.017176138822826953,0.017176138822826953,0.011961805987367702
2023-05-01,0.0063063080870495725,-0.03245299252528163,True,검증 2023~,-0.03356270831645186,-0.051122099421784695,-0.04588305883410608,-0.061795809848271266,-0.061795809848271266,-0.05055622189374833,-0.007415149131335617,-0.07059348436228097,-0.04012892915681507,-0.07125218266895524,-0.07125218266895524,-0.06721878382231287,-0.03136507735582483,-0.041040334884544276,-0.04436149944514749,-0.0479169530938543,-0.0479169530938543,-0.04917671302750124
2023-06-01,0.06332431359811519,0.0729538688573533,True,검증 2023~,0.1371061790997429,0.04148199310836766,0.00788922835732724,0.05339420477601755,0.05339420477601755,0.05339420477601755,0.13072179802800984,0.050720490418132834,0.025879602903223484,0.044934564331148084,0.044934564331148084,0.044934564331148084,0.09887074757511566,0.05548057491026305,0.03196082289000133,0.037566907100847244,0.037566907100847244,0.03659418017566265
2023-07-03,0.030140692092156085,0.0305052158718023,True,검증 2023~,0.08938650963123304,0.051090595109217804,0.014645992839025892,0.020625278582419214,0.020625278582419214,0.020625278582419214,0.06806310119459351,0.0619836409486431,0.01343150513361644,0.023412144244586888,0.023412144244586888,0.021460492033294525,0.05784199460271885,0.05902001714465613,0.010687012108893884,0.02875454849496467,0.02875454849496467,0.027973887610447723
2023-08-01,-0.006794118565291107,-0.01884733071969233,True,검증 2023~,-0.07904835357069868,-0.005999572399195161,-0.01473144387012134,-0.017131996043830353,-0.017131996043830353,-0.017131996043830353,-0.07375110378326008,-0.008610787246973815,-0.019594346745350023,-0.0348989382809685,-0.0348989382809685,-0.03559723857242046,-0.04768891581421744,-0.0276576114125876,-0.019785319325129468,-0.03550282588141038,-0.03550282588141038,-0.037035516966609
2023-09-01,-0.05526660600205091,-0.058758795853228844,True,검증 2023~,-0.10395151409377024,-0.047074996444675665,-0.041362633458246326,-0.056181260434866834,-0.056181260434866834,-0.05363261554824318,-0.07180886777379285,-0.04740435539422989,-0.04605476784715851,-0.05158261551507265,-0.05158261551507265,-0.04978287291925767,-0.07149184503889917,-0.05466630920842152,-0.047367789323651745,-0.053597618636986095,-0.053597618636986095,-0.052799009059118204
2023-10-02,-0.017392494580881657,-0.03278134092330609,True,검증 2023~,-0.08479483288455043,-0.04649014580504727,0.0033027472087434635,-0.025832304769198143,-0.025832304769198143,-0.028243555833179577,-0.07765590064718715,-0.01498285888879549,0.006832332400183846,0.001480449193413654,0.001480449193413654,-0.003041571505171135,-0.05409770501452109,-0.030841468772948778,-0.0002593476140279455,-4.572136817069519e-05,-4.572136817069519e-05,-0.0019894168925392534
2023-11-01,0.08723771167972849,0.09073474084556464,False,검증 2023~,0.13940783716762384,0.09346452967470328,0.04292719830806284,0.057967224706962674,0.0,0.057967224706962674,0.14382404262742915,0.08537748656777519,0.06203359226354764,0.058380475624845586,0.0,0.058380475624845586,0.12150508660222158,0.09646943411025961,0.06255039146434879,0.06335973583281983,0.0,0.06244819638927347
2023-12-01,0.04016123298790708,0.0590320699428196,True,검증 2023~,0.13400451389317153,0.12009328430233365,-0.0049170055742264835,0.06361772515899564,0.06361772515899564,0.06361772515899564,0.1253889282777239,0.09162215630802481,0.010565941365964279,0.058146872921425306,0.058146872921425306,0.058146872921425306,0.11283634136685106,0.08741584833160916,0.017743453837905036,0.050106234507844495,0.050106234507844495,0.04957331569184667
2024-01-02,0.026410453383037158,0.0012735615393585972,True,검증 2023~,-0.06752841618697808,-0.0031800707520410957,0.03722164129296882,-0.008958883677230155,-0.008958883677230155,-0.008958883677230155,-0.05045598882513078,-0.011650163422669939,0.03265541726111594,-0.010065950999116823,-0.010065950999116823,-0.01266166599626131,-0.029664717169328426,-0.02624062130374793,0.021550584813911144,-0.014194877522566618,-0.014194877522566618,-0.015441553152684069
2024-02-01,0.050244589679746765,0.03721516695022246,True,검증 2023~,0.0129459810163869,-0.021602847391482334,0.03930746705553738,0.013384036890179198,0.013384036890179198,0.013384036890179198,-0.007442280269649602,0.006666375803901356,0.031119844662917874,0.012356154837234441,0.012356154837234441,0.012356154837234441,0.0052513729843528265,0.03275528466360821,0.030416992051591797,0.011873731206233229,0.011873731206233229,0.012555595037967781
2024-03-01,0.03237368444343924,0.04368429067256089,True,검증 2023~,0.04432507269728673,0.08231987293484386,0.021407931899455113,0.05701318775783078,0.05701318775783078,0.05701318775783078,0.05340786796031662,0.06364098696882833,0.01950665921425901,0.050572165619678325,0.050572165619678325,0.050572165619678325,0.06683222445035925,0.05421949215795228,0.02935175758302422,0.0438273246092057,0.0438273246092057,0.042916897579827785
2024-04-01,-0.04285739034742775,-0.051670127825585964,True,검증 2023~,-0.04243016614947055,-0.019536154423688577,-0.017092382240192945,-0.03057167654917451,-0.03057167654917451,-0.02598263891830562,-0.04747942537750422,-0.03536189553708767,-0.026807240106176015,-0.02911750436180239,-0.02911750436180239,-0.026798733211743607,-0.03487179807629076,-0.03901255613681507,-0.03432209007280265,-0.0218259716201592,-0.0218259716201592,-0.020970471923656524
2024-05-01,0.05512777871497465,0.035023491561157846,True,검증 2023~,0.04917833714222199,0.07187973946988699,0.02697262915600212,0.012089373961842889,0.012089373961842889,0.012089373961842889,0.07586810126926931,0.06514243888684798,0.02578614281276067,0.020929675877353095,0.020929675877353095,0.020929675877353095,0.05043450300046804,0.051566988662843524,0.022789110634786863,0.026452251874656163,0.026452251874656163,0.0245485593771717
2024-06-03,0.03472500734436457,-0.0016782707417716263,True,검증 2023~,-0.03944285693668901,-0.025435915900397794,0.008616817499533271,-0.008830448920948529,-0.008830448920948529,-0.008830448920948529,-0.03251490258404087,-0.008982909522152936,0.005665239714026162,-0.010788663302921423,-0.010788663302921423,-0.010788663302921423,-0.02933795668163728,-0.010717591074050537,0.0015313931643263883,-0.01236648994560546,-0.01236648994560546,-0.01236648994560546
2024-07-01,0.012719455288789705,0.03838274521865055,True,검증 2023~,0.034683482841157874,0.03888583724871727,0.03329665861568324,0.0442712892238342,0.0442712892238342,0.0442712892238342,0.05122723359847903,0.04543111327608179,0.04105910322000231,0.043053375816612026,0.043053375816612026,0.043053375816612026,0.029826547656131137,0.060040514117856186,0.05154310449529088,0.05784756001356773,0.05784756001356773,0.05784756001356773
2024-08-01,0.014296667356466841,0.01790630772742502,True,검증 2023~,-0.058592276802833486,-0.0009992456694842705,0.057314004141168315,0.018943842683962896,0.018943842683962896,0.008821136539005849,-0.030971127829274622,0.0027679908736040664,0.04547524828314427,0.03095025356720415,0.03095025356720415,0.023886180733525823,-0.018471048438973077,0.0009268999201009313,0.04266297991718662,0.02608469974354425,0.02608469974354425,0.018924784965232325
2024-09-03,0.026207953462408673,0.026284331068068705,True,검증 2023~,0.06656754785636947,0.02165879678036183,0.01904770788753165,0.012304740126827763,0.012304740126827763,0.005161875994033428,0.01771591395225152,0.021883170347634706,0.018565334403135236,0.020631466074863908,0.020631466074863908,0.017060034008466743,0.02548086604668938,0.012664964885377106,0.01654766420432091,0.013121681338235668,0.013121681338235668,0.010116586132341067
2024-10-01,-0.0036273668879991394,-0.013987998041043915,True,검증 2023~,-0.06317117194117033,0.0020548691185103404,-0.0412928903142429,-0.017223649157888495,-0.017223649157888495,-0.017223649157888495,-0.06464382162849784,-0.010475559254583587,-0.03424708185082885,-0.023019916211037043,-0.023019916211037043,-0.023337814762828715,-0.031406423959484016,-0.017334063232653515,-0.024668140234391712,-0.0285081867588202,-0.0285081867588202,-0.025952872863615396
2024-11-01,0.055397882454468084,0.06088358412779177,True,검증 2023~,0.07555974278393154,0.0671960619195768,0.032276521734589336,0.030440218640852598,0.030440218640852598,0.021754091716835587,0.046769535048604,0.06301419814300957,0.040231776265277026,0.03646163715281743,0.03646163715281743,0.03211857369080892,0.04561074705427161,0.05760334732753583,0.042518665714702905,0.02986928786202009,0.02986928786202009,0.02730642568994611
2024-12-02,-0.019231995221285936,-0.05934337419898,True,검증 2023~,0.0027493178424870665,-0.113315739702097,-0.062270401452996824,-0.06181802306243641,-0.06181802306243641,-0.06210351403547737,-0.03369846184917757,-0.08361584894553183,-0.05105046240701455,-0.05511192657648545,-0.05511192657648545,-0.05755342879065393,-0.04734743869852008,-0.07067286947834052,-0.05270021777191942,-0.05496024948824978,-0.05496024948824978,-0.05578110985042655
2025-01-02,0.005564999419267469,0.013565877503593638,True,검증 2023~,-0.01998208054047914,0.032201340300933315,0.014801424490328266,0.0032120255847110663,0.0032120255847110663,0.0032120255847110663,-0.020739537408729122,0.013919506407977197,0.01275611601621818,0.00637195864643181,0.00637195864643181,0.00637195864643181,-0.009005174884844676,0.0032921077601385405,0.005063781940480491,0.006258151992909883,0.006258151992909883,0.005174563673935195
2025-02-03,0.0059224296617648164,0.01330696171854431,True,검증 2023~,0.08689430719978058,0.07297889395064507,0.057724416281202465,0.08222031192620641,0.08222031192620641,0.08222031192620641,0.05529786254750274,0.05708649793924632,0.048345298761332534,0.062377671879239316,0.062377671879239316,0.060355907379378494,0.02348951583015854,0.03932049062788305,0.04998669274503595,0.035269860873804196,0.035269860873804196,0.03067378009001536
2025-03-03,-0.0621506690292809,-0.042417881492476286,True,검증 2023~,-0.02964659595429634,-0.04938929791680933,-0.0020592761207357075,-0.022664423169304594,-0.022664423169304594,-0.022664423169304594,-0.06277484131501389,-0.029400468009886147,-0.021369634922833454,-0.015826486747358044,-0.015826486747358044,-0.015655645185299882,-0.050310948838097586,-0.022891413046327948,0.0005314221045240324,-0.003838504740430904,-0.003838504740430904,-0.007133793299889897
2025-04-01,0.005237958250850827,-0.020262643222899335,False,검증 2023~,-0.021764021047654902,-0.024503343302747893,-0.03010994415816063,-0.025934741829727555,0.0,-0.07575852642584245,-0.029204835900021688,-0.05791272505435232,-0.019216551948360118,-0.035077603737208654,0.0,-0.07244941025372187,-0.041103972288198294,-0.028557248424001883,-0.016511662511078884,-0.03608770193471409,0.0,-0.06936241853226938
2025-05-01,0.04887862082047523,0.03937684023059062,False,검증 2023~,0.07450219111447373,0.056681150716572704,-0.022715773756539277,0.030385180112077373,0.0,0.030385180112077373,0.06634119910778097,0.041391486878990566,-0.018464595319577705,0.010402517289124688,0.0,0.00825853472800683,0.048480668002952386,0.038476675922503596,0.0009622225304195446,-0.0005213491366083162,0.0,0.0010318937836292334
2025-06-02,0.05175931187411131,0.03539638895527095,True,검증 2023~,0.12599818062450516,0.0697810943430299,-0.004408049548367608,0.023139221561871162,0.023139221561871162,0.023139221561871162,0.09802815100352694,0.0550120536288364,-0.003970182696827161,0.0038912417525633416,0.0038912417525633416,0.007294522600715532,0.07951992775134867,0.05017068442937169,-0.0065513628797241015,0.011332827251616865,0.011332827251616865,0.012112153574883606
2025-07-01,0.016126854470653207,0.004654417485587739,True,검증 2023~,0.07705803460561879,0.010726407631417169,0.02557239173200663,0.03795460109549041,0.03795460109549041,0.03795460109549041,0.056556619820752184,0.016834717316551714,0.03024558937439749,0.0068609138037923866,0.0068609138037923866,0.011265293429197167,0.018036893701136578,0.030177561875631857,0.015817972447291273,0.007231690101322949,0.007231690101322949,0.008964093769837348
2025-08-01,0.017882948548283206,0.022855335337186727,True,검증 2023~,0.04169642097852757,0.0018976904275621173,-0.00623484301408592,0.020709514826380948,0.020709514826380948,0.01827134521752586,0.029015896784408156,0.02894237678195208,0.0014505387926638763,0.02056969842634794,0.02056969842634794,0.018716956205218814,0.04737701135368495,0.02104972322991113,0.0024499683994284654,0.022330212408639104,0.022330212408639104,0.02190055492610825
2025-09-02,0.0431507661029904,0.016652843612122437,True,검증 2023~,0.015028630306434034,0.02966244295550787,0.015410116697257661,-0.030173743342121404,-0.030173743342121404,-0.030173743342121404,-0.0017784774980576551,0.032771352569231096,0.020645341380019097,-0.011887785427188855,-0.011887785427188855,-0.011707701654123518,-0.0022969193321589337,0.017466845749661848,0.015543426082019399,-0.008099566675939945,-0.008099566675939945,-0.008089965062479654
2025-10-01,0.03392784700534568,-0.01047953484634991,True,검증 2023~,0.013994877269615394,-0.06400101159693639,-0.03897459816488956,-0.030340783720409825,-0.030340783720409825,-0.030340783720409825,-0.002431005482659458,-0.038384210613669714,-0.026765664735684834,-0.04432827745565078,-0.04432827745565078,-0.0336495499421446,-0.011252511320461693,-0.01709548921030589,-0.036324824718052644,-0.049216123791534325,-0.049216123791534325,-0.04541835771858335
2025-11-03,-0.010004779767906369,0.01373846844307222,True,검증 2023~,0.033356300045741215,0.014058268664112207,0.02849692249847663,0.005179951102174597,0.005179951102174597,0.005179951102174597,0.03688210606716914,-0.024288550676207943,0.02499804556845322,-0.0010814400093094683,-0.0010814400093094683,-0.0010814400093094683,0.01890901179991488,-0.005506741102862284,0.017222322926032964,0.02193641646998592,0.02193641646998592,0.02068570580326446
2025-12-01,0.013149891165621819,0.012730839278168867,True,검증 2023~,0.0781735682038551,-0.002015583250770035,-0.042573801520077816,-0.012494533567285668,-0.012494533567285668,-0.011421939774962095,0.0518232581598189,0.013233714680967385,-0.03928117538198239,-0.0010927218115735476,-0.0010927218115735476,-0.0005564249154117612,0.03284005013615696,0.007952814407221074,-0.01624748484752625,0.0027679186801104925,0.0027679186801104925,0.0019770252458961865
2026-01-02,0.005643706763160727,0.023943065556287967,True,검증 2023~,0.02719918414729168,0.006333868883968431,0.030801836544008178,0.014671734926798153,0.014671734926798153,0.026130169619322074,0.017490371803233734,0.009940788553639819,0.03196830076898819,0.00808752031053517,0.00808752031053517,0.010848758563807844,-0.0050829303350263064,0.033605216379746235,0.028918988639974587,0.030291636117252822,0.030291636117252822,0.033785126985597234
2026-02-02,-0.015777692090717887,0.02298406756701394,True,검증 2023~,-0.006621262403336801,0.05844368438120937,0.07083730531463157,0.018321197098160123,0.018321197098160123,0.012097210730321474,-0.006125067486793971,0.03361735330480912,0.0788175542973589,0.03857371564470573,0.03857371564470573,0.038951380899407376,0.004501861041211829,0.050608018279854165,0.05756751528970533,0.03884679838135856,0.03884679838135856,0.03768727367430667
2026-03-02,-0.03390925325355487,-0.04870333331343861,True,검증 2023~,-0.08426584100237722,-0.028142149004867188,-0.02397441281940419,-0.07478612948190286,-0.07478612948190286,-0.0796918629409747,-0.06573708217135478,-0.0562998427958221,-0.03252228905026183,-0.09397453240450701,-0.09397453240450701,-0.08724990779865675,-0.064974783948062,-0.0701068867954574,-0.04562043808946345,-0.07308394274247743,-0.07308394274247743,-0.069981861134008
2026-04-01,0.10299732041828746,0.06062014439890939,False,검증 2023~,0.03845271472906823,-0.022382210349554323,-0.006936514536523462,0.009907945512224771,0.0,0.005200142791634811,-0.0070490817038259415,0.03722919026295142,0.009147026791153407,0.015584292705113191,0.0,0.013882324127235482,0.04189427983932953,0.03700016794380283,0.02358885981550518,0.028723585887502158,0.0,0.02823437571579948
2026-05-01,0.04729287314745956,0.012954866141707102,True,검증 2023~,0.038144397705847766,-0.009604079576275334,-0.040818552072395965,-0.02522158213777107,-0.02522158213777107,-0.025728249779857847,0.03936291847964062,-0.014331836476977198,-0.03387699042076743,-0.026898983238447687,-0.026898983238447687,-0.02988482247696525,0.016569792010235035,-0.03264228667423866,-0.04229330524596007,-0.04150075224810594,-0.04150075224810594,-0.04344464299382564
2026-06-01,-0.011174356402043784,0.022701170755279686,True,검증 2023~,-0.09762334986953418,0.007137875788020699,0.05115793355410485,0.05037191271028261,0.05037191271028261,0.052539444515948795,-0.065372100381242,0.010008782342941598,0.053657536968026796,0.05075707905833614,0.05075707905833614,0.05184084496116924,-0.040586821897560056,0.03103985416427745,0.056369679427286365,0.0503104958481791,0.0503104958481791,0.04739729420050755
2026-07-01,0.005959763705565502,0.02061547006195076,True,검증 2023~,0.08431285432987116,0.016806985171935872,-0.013052423908207964,0.030427807799019158,0.030427807799019158,0.030427807799019158,0.08614847066981726,0.007515404942728156,-0.004195121392615462,0.021086596767669608,0.021086596767669608,0.02019373917614683,0.10185517222559333,0.017632450333967077,-0.007195839168824578,0.031348152598267134,0.031348152598267134,0.026827578882998825
2026-08-03,0.016772516918832192,0.01326960786576502,True,검증 2023~,0.10433196240973013,0.05018749349486355,-0.0355298277671395,-0.009724917322619906,-0.009724917322619906,-0.009724917322619906,0.09578253443157184,0.026701140560366765,-0.019745776567234467,-0.008969330628806275,-0.008969330628806275,-0.008969330628806275,0.08211907011205492,0.009755266492209489,-0.026682158761734708,0.00028646273896721416,0.00028646273896721416,0.00038282858463546806
